name,pressure_bar,temperature_K,target_mol_kg,density_g_cm3,target_cm3_cm3,pred_cm3_cm3,abs_error,rel_error_pct,sf_lcd,sf_pld,sf_vf,status
DB5-hypotheticalMOF_33053_0_0_2_0_25_3,1.0,298.15,0.001178,1.319,0.0348,99.869,99.8341,286687.02,7.08,1.5,0.398,ok
DB1-AlO6-mofHTB_No11,1.0,298.15,0.001601,1.3985,0.0502,100.6917,100.6416,200590.74,7.48,1.5,0.05,ok
DB0-m3_o1_o7_f0_nbo.sym.79,1.0,298.15,0.001651,1.0883,0.0403,108.8432,108.8029,270141.9,14.22,5.13,0.675,ok
DB0-m9_o2_o2_f0_sra.sym.42,1.0,298.15,0.001658,1.2345,0.0459,100.1919,100.146,218292.09,7.63,1.5,0.05,ok
DB1-AlO6-mof200_No4,1.0,298.15,0.001725,0.9144,0.0354,88.1663,88.1309,249241.88,9.52,1.5,0.361,ok
DB12-EPONAA_clean,1.0,298.15,0.001729,0.4952,0.0192,143.3625,143.3433,746718.33,8.14,1.95,0.77,ok
DB0-m9_o13_o20_f0_sra.sym.96,1.0,298.15,0.001747,1.1656,0.0456,90.8173,90.7717,198844.29,8.18,1.5,0.05,ok
DB0-m3_o25_o146_f0_fsc.sym.26,1.0,298.15,0.001765,1.0887,0.0431,103.6734,103.6303,240547.71,6.23,1.5,0.244,ok
DB1-AlO6-mofHTB_No12,1.0,298.15,0.001769,0.7877,0.0312,74.9363,74.9051,239907.27,7.48,1.5,0.314,ok
DB0-m2_o1_o9_f0_nbo.sym.104,1.0,298.15,0.001886,1.1558,0.0489,125.6318,125.583,257011.7,7.51,3.86,0.548,ok
DB1-AlO6-ADC_A_No4,1.0,298.15,0.001904,0.5013,0.0214,83.3495,83.3281,389600.22,11.52,1.5,0.47,ok
DB0-m2_o24_o24_f0_nbo.sym.15,1.0,298.15,0.001913,0.6893,0.0296,103.1727,103.1432,348933.87,12.15,4.96,0.514,ok
DB5-hypotheticalMOF_5060248_2_1_2_12_12_0,1.0,298.15,0.001968,1.055,0.0465,135.6914,135.6449,291521.11,4.72,1.5,0.352,ok
DB0-m2_o10_kto,1.0,298.15,0.001986,0.6009,0.0268,105.0202,104.9934,392437.08,9.53,3.54,0.659,ok
DB5-hypotheticalMOF_5024843_2_0_0_27_16_1,1.0,298.15,0.003683,0.3672,0.0303,142.0611,142.0308,468641.63,8.52,3.14,0.738,ok
DB0-m2_o14_o20_f0_nbo.sym.99,1.0,298.15,0.003683,0.4374,0.0361,116.3126,116.2765,322067.26,12.26,4.79,0.648,ok
DB6-cuf_7523,1.0,298.15,0.003684,0.4828,0.0399,129.5358,129.496,324852.43,7.68,1.5,0.629,ok
DB7-ddmof_6678,1.0,298.15,0.003684,0.7205,0.0595,125.497,125.4375,210848.86,13.18,4.32,0.556,ok
DB5-hypotheticalMOF_5018595_0_0_0_19_12_10,1.0,298.15,0.003684,0.4087,0.0338,126.6137,126.58,375032.37,7.22,1.92,0.65,ok
DB5-hypotheticalMOF_5017164_2_0_0_19_25_6,1.0,298.15,0.003685,0.3094,0.0256,97.2701,97.2446,380448.53,7.92,3.58,0.765,ok
DB0-m3_o9_o23_f0_nbo.sym.68,1.0,298.15,0.003685,0.541,0.0447,126.7838,126.7391,283585.11,8.89,5.11,0.55,ok
DB0-m2_o11_o28_f0_nbo.sym.55,1.0,298.15,0.003686,0.3494,0.0289,105.8992,105.8703,366685.26,18.62,5.05,0.701,ok
DB0-m2_o5_o27_f0_nbo.sym.12,1.0,298.15,0.003687,0.4734,0.0391,130.1632,130.124,332604.21,15.32,3.67,0.636,ok
DB0-m3_o21_o26_f0_pcu.sym.2,1.0,298.15,0.003687,0.3614,0.0299,116.6568,116.6269,390552.39,6.97,1.55,0.69,ok
DB0-m2_o11_o28_f0_nbo.sym.35,1.0,298.15,0.003687,0.2975,0.0246,90.2931,90.2685,367181.18,18.68,5.13,0.766,ok
DB0-m3_o2_o22_f0_pcu.sym.17,1.0,298.15,0.003687,0.7697,0.0636,91.2832,91.2196,143407.38,6.11,1.5,0.245,ok
DB0-m3_o6_o28_f0_pcu.sym.82,1.0,298.15,0.003688,0.3506,0.029,115.9694,115.9404,400079.71,9.38,2.35,0.695,ok
DB15-pcu_N65_E225_opt,1.0,298.15,0.003689,0.3011,0.0249,97.6767,97.6518,392312.79,8.95,3.51,0.766,ok
DB0-m2_o14_o25_f0_nbo.sym.10,1.0,298.15,0.003689,0.4019,0.0332,128.3246,128.2914,386027.86,8.82,5.02,0.679,ok
DB1-Zn2O8N2-ADC_A-DPAC_A_No17,1.0,298.15,0.00369,0.3621,0.03,115.0076,114.9776,383868.51,7.09,3.05,0.735,ok
DB1-Zn2O8N2-DPAC_A-irmof20_A_No541,1.0,298.15,0.003691,0.403,0.0333,133.0236,132.9903,398948.37,12.11,3.06,0.708,ok
DB7-ddmof_18374,1.0,298.15,0.003691,0.3047,0.0252,87.1157,87.0905,345570.49,11.51,6.68,0.762,ok
DB0-m2_o11_o24_f0_pcu.sym.84,1.0,298.15,0.00623,0.9201,0.1285,97.4273,97.2988,75731.5,4.42,1.5,0.28,ok
DB1-Cu2O8N2-BDC_A-DPAC_A_No551,1.0,298.15,0.006232,0.8469,0.1183,104.3446,104.2263,88099.24,11.23,1.5,0.407,ok
DB0-m3_o24_o52_f0_fsc.sym.14,1.0,298.15,0.006233,0.9981,0.1394,97.0087,96.8693,69465.27,6.01,1.5,0.258,ok
DB0-m2_o16_o29_f0_pcu.sym.3,1.0,298.15,0.006236,0.5225,0.073,133.4169,133.3439,182592.74,11.0,1.5,0.508,ok
DB0-m3_o24_o52_f0_fsc.sym.1,1.0,298.15,0.006236,0.9117,0.1274,100.3537,100.2263,78651.0,6.0,1.5,0.305,ok
DB0-m1_o41_o20_fsc,1.0,298.15,0.006236,0.6512,0.091,112.9861,112.8951,124033.31,6.67,1.5,0.533,ok
DB0-m3_o93_o23_f0_fsc.sym.9,1.0,298.15,0.006238,0.935,0.1307,124.8249,124.6942,95387.33,5.68,1.5,0.216,ok
DB0-m3_o7_o15_f0_pcu.sym.35,1.0,298.15,0.00624,0.6937,0.097,110.4048,110.3078,113696.98,7.12,1.5,0.435,ok
DB0-m2_o16_o28_f0_pcu.sym.104,1.0,298.15,0.006243,0.5797,0.0811,140.3943,140.3132,172982.79,9.34,1.5,0.479,ok
DB0-m3_o96_o23_f0_fsc.sym.8,1.0,298.15,0.006244,0.6157,0.0862,136.3118,136.2256,158084.94,6.4,1.65,0.475,ok
DB0-m3_o25_o115_f0_fsc.sym.41,1.0,298.15,0.006247,0.5915,0.0828,143.979,143.8962,173752.98,6.67,2.06,0.484,ok
DB5-hypotheticalMOF_5036689_1_1_1_18_24_0,1.0,298.15,0.006247,0.6254,0.0876,138.7469,138.6593,158331.18,6.8,2.17,0.489,ok
DB0-m9_o3_o25_f0_sra.sym.58,1.0,298.15,0.00625,0.751,0.1052,112.1693,112.0641,106530.55,10.66,1.5,0.299,ok
DB0-m2_o11_o18_f0_pcu.sym.6,1.0,298.15,0.006252,0.7199,0.1009,113.8393,113.7385,112757.02,6.38,1.5,0.392,ok
DB0-m3_o16_o43_f0_fsc.sym.16,1.0,298.15,0.019985,0.8433,0.3777,152.0744,151.6967,40159.79,6.02,1.5,0.313,ok
DB0-m3_o52_o13_f0_fsc.sym.4,1.0,298.15,0.019996,0.8585,0.3848,120.9319,120.5471,31329.48,6.03,1.5,0.267,ok
DB0-m3_o158_o151_f0_fsc.sym.42,1.0,298.15,0.020001,0.8274,0.3709,123.7903,123.4194,33274.02,7.75,1.5,0.285,ok
DB0-m3_o440_o158_f0_fsc.sym.53,1.0,298.15,0.020002,1.0774,0.483,112.6829,112.1999,23229.05,5.38,1.5,0.154,ok
DB0-m3_o43_o155_f0_fsc.sym.37,1.0,298.15,0.020014,0.7663,0.3438,142.672,142.3283,41404.11,7.03,1.5,0.299,ok
DB5-hypotheticalMOF_5074449_0_0_2_23_10_12,1.0,298.15,0.020015,0.8741,0.3922,112.3201,111.928,28541.99,6.82,1.5,0.088,ok
DB0-m3_o153_o159_f0_fsc.sym.5,1.0,298.15,0.020023,0.8805,0.3952,141.1495,140.7543,35618.86,5.36,1.5,0.233,ok
DB0-m3_o44_o158_f0_fsc.sym.38,1.0,298.15,0.020028,1.1106,0.4986,83.1616,82.663,16580.51,5.43,1.5,0.05,ok
DB0-m3_o153_o13_f0_fsc.sym.7,1.0,298.15,0.020064,0.9662,0.4345,134.9652,134.5307,30959.35,5.22,1.5,0.266,ok
DB0-m3_o450_o158_f0_fsc.sym.95,1.0,298.15,0.020081,0.9982,0.4493,104.71,104.2607,23206.02,5.36,1.5,0.088,ok
DB0-m3_o1520_o155_f0_fsc.sym.12,1.0,298.15,0.020087,0.769,0.3462,139.4933,139.1471,40187.87,7.02,1.5,0.341,ok
DB0-m2_o42_o150_f0_fsc,1.0,298.15,0.0201,0.8804,0.3966,134.2789,133.8823,33754.58,5.36,1.5,0.263,ok
DB0-m3_o148_o159_f0_fsc.sym.2,1.0,298.15,0.02012,0.9256,0.4174,135.4732,135.0557,32355.43,5.36,1.5,0.235,ok
DB0-m3_o153_o159_f0_fsc.sym.61,1.0,298.15,0.020124,0.9006,0.4062,133.1665,132.7603,32681.25,5.36,1.5,0.229,ok
DB0-m3_o18_o145_f0_fsc,1.0,298.15,0.02015,0.8459,0.3821,132.0987,131.7167,34474.97,5.68,1.5,0.275,ok
DB0-m3_o25_o46_f0_fsc.sym.48,1.0,298.15,0.020166,1.3225,0.5978,109.931,109.3333,18290.5,5.68,1.5,0.25,ok
DB0-m3_o25_o490_f0_fsc.sym.23,1.0,298.15,0.020199,0.9565,0.433,125.6318,125.1988,28911.14,5.73,1.5,0.18,ok
DB0-m3_o155_o44_f0_fsc.sym.26,1.0,298.15,0.028326,0.8019,0.5091,118.6796,118.1704,23209.7,7.03,1.5,0.216,ok
DB0-m3_o49_o13_f0_fsc.sym.13,1.0,298.15,0.028339,1.1397,0.7239,105.7854,105.0614,14512.82,4.58,1.5,0.05,ok
DB0-m3_o4_o42_f0_fsc,1.0,298.15,0.028349,1.0678,0.6785,126.6137,125.9353,18561.48,4.4,1.5,0.188,ok
DB0-m3_o18_o1490_f0_fsc.sym.34,1.0,298.15,0.028361,0.9845,0.6258,125.0598,124.4339,19882.9,5.69,1.5,0.189,ok
DB0-m3_o1470_o159_f0_fsc.sym.48,1.0,298.15,0.028363,1.0122,0.6435,119.5434,118.8999,18477.99,5.37,1.5,0.14,ok
DB0-m3_o17_o1500_f0_fsc.sym.16,1.0,298.15,0.028372,0.8421,0.5355,108.7262,108.1907,20203.04,5.99,1.5,0.21,ok
DB0-m3_o46_o159_f0_fsc.sym.55,1.0,298.15,0.028377,1.0623,0.6757,118.871,118.1953,17493.06,5.36,1.5,0.171,ok
DB12-CUVGOQ_freeONLY,1.0,298.15,0.028384,1.0021,0.6375,79.8513,79.2138,12425.2,5.34,1.5,0.05,ok
DB5-hypotheticalMOF_29125_0_0_2_25_7_12,1.0,298.15,0.028389,1.0343,0.6581,101.4666,100.8085,15317.25,7.08,1.5,0.05,ok
DB0-m3_o1490_o158_f0_fsc.sym.18,1.0,298.15,0.028398,0.982,0.6251,117.6955,117.0704,18729.5,5.36,1.5,0.162,ok
DB0-m3_o153_o155_f0_fsc.sym.77,1.0,298.15,0.028408,0.8185,0.5212,134.1708,133.6496,25642.36,7.02,1.5,0.292,ok
DB0-m3_o1480_o159_f0_fsc.sym.70,1.0,298.15,0.028419,1.0838,0.6904,123.7571,123.0667,17826.48,5.38,1.5,0.095,ok
DB0-m3_o81_o22_f0_fsc.sym.3,1.0,298.15,0.028424,1.3493,0.8596,111.568,110.7084,12878.8,5.9,1.5,0.05,ok
DB0-m3_o1520_o155_f0_fsc.sym.2,1.0,298.15,0.028451,0.8678,0.5534,133.2738,132.7204,23983.16,7.01,1.5,0.19,ok
DB0-m3_o160_o49_f0_fsc.sym.22,1.0,298.15,0.028454,1.0151,0.6474,132.8453,132.1979,20419.92,5.36,1.5,0.162,ok
DB0-m3_o13_o510_f0_fsc.sym.67,1.0,298.15,0.028457,1.0928,0.697,91.0009,90.3039,12955.21,5.25,1.5,0.098,ok
DB0-m3_o152_o18_f0_fsc.sym.11,1.0,298.15,0.028468,0.9605,0.6129,117.3167,116.7038,19042.08,5.63,1.5,0.147,ok
DB0-m3_o152_o155_f0_fsc.sym.8,1.0,298.15,0.028468,0.8367,0.5339,133.8113,133.2774,24964.33,7.01,1.5,0.2,ok
DB12-DONNEA_freeONLY,1.0,298.15,0.02847,1.2349,0.788,79.5899,78.8019,9999.63,4.42,1.5,0.105,ok
DB0-m3_o1530_o156_f0_fsc.sym.87,1.0,298.15,0.028486,0.878,0.5606,136.7513,136.1908,24294.82,6.99,1.5,0.214,ok
DB0-m3_o1490_o155_f0_fsc.sym.63,1.0,298.15,0.028495,0.9091,0.5806,129.9188,129.3382,22275.67,7.02,1.5,0.197,ok
DB0-m3_o160_o147_f0_fsc.sym.25,1.0,298.15,0.028526,1.0158,0.6495,128.7732,128.1237,19727.05,5.36,1.5,0.143,ok
DB0-m3_o48_o159_f0_fsc.sym.64,1.0,298.15,0.028531,1.0399,0.665,123.9899,123.3249,18545.14,5.36,1.5,0.131,ok
DB0-m3_o152_o156_f0_fsc.sym.29,1.0,298.15,0.028541,0.8033,0.5139,144.1336,143.6197,27946.61,6.99,1.5,0.282,ok
DB0-m3_o43_o156_f0_fsc.sym.90,1.0,298.15,0.028566,0.7549,0.4834,135.0739,134.5905,27844.04,6.99,1.5,0.291,ok
DB0-m3_o156_o45_f0_fsc.sym.32,1.0,298.15,0.028566,0.8218,0.5262,122.7642,122.238,23229.91,7.01,1.5,0.242,ok
DB0-m3_o24_o82_f0_fsc.sym.40,1.0,298.15,0.028568,1.45,0.9285,84.754,83.8255,9028.42,5.35,1.5,0.05,ok
DB0-m3_o153_o158_f0_fsc.sym.85,1.0,298.15,0.028572,0.9513,0.6092,104.1764,103.5672,17000.91,5.35,1.5,0.175,ok
DB0-m3_o480_o158_f0_fsc.sym.11,1.0,298.15,0.028572,1.0395,0.6657,126.6477,125.982,18924.34,5.34,1.5,0.168,ok
DB0-m3_o156_o510_f0_fsc.sym.5,1.0,298.15,0.028574,0.8487,0.5436,137.3396,136.7961,25166.8,7.01,1.5,0.322,ok
DB0-m3_o158_o47_f0_fsc.sym.15,1.0,298.15,0.028585,0.991,0.6349,123.8236,123.1886,19402.6,5.37,1.5,0.193,ok
DB0-m3_o16_o45_f0_fsc.sym.73,1.0,298.15,0.028589,1.0269,0.658,137.0452,136.3871,20726.09,5.11,1.5,0.165,ok
DB0-m3_o147_o156_f0_fsc.sym.3,1.0,298.15,0.028589,1.0222,0.655,111.3284,110.6734,16895.91,7.02,1.5,0.071,ok
DB0-m3_o1490_o155_f0_fsc.sym.31,1.0,298.15,0.035753,0.9232,0.7399,121.1269,120.387,16271.72,7.03,1.5,0.152,ok
DB0-m3_o51_o4_f0_fsc.sym.35,1.0,298.15,0.035755,1.1064,0.8867,89.5183,88.6316,9995.95,5.22,1.5,0.083,ok
DB0-m3_o490_o158_f0_fsc.sym.34,1.0,298.15,0.035755,1.2112,0.9707,89.452,88.4813,9115.13,5.38,1.5,0.05,ok
DB5-hypotheticalMOF_35592_0_0_2_14_2_4,1.0,298.15,0.035757,1.0725,0.8596,118.6477,117.7881,13703.15,5.34,1.5,0.236,ok
DB0-m3_o42_o155_f0_fsc.sym.11,1.0,298.15,0.035758,0.9478,0.7596,109.6065,108.8469,14329.02,7.13,1.5,0.075,ok
DB0-m3_o24_o147_f0_fsc.sym.34,1.0,298.15,0.035769,1.3447,1.0781,85.5341,84.456,7833.77,4.35,1.5,0.05,ok
DB0-m3_o1490_o156_f0_fsc.sym.8,1.0,298.15,0.035775,0.9338,0.7488,128.8769,128.1281,17111.54,7.0,1.5,0.201,ok
DB0-m3_o1520_o156_f0_fsc.sym.69,1.0,298.15,0.035794,0.8609,0.6907,132.9523,132.2616,19148.28,6.99,1.5,0.241,ok
DB0-m3_o153_o4_f0_fsc.sym.38,1.0,298.15,0.0358,1.1388,0.9138,105.9846,105.0709,11498.7,5.21,1.5,0.123,ok
DB0-m3_o16_o51_f0_fsc.sym.72,1.0,298.15,0.0358,1.0007,0.803,93.5346,92.7317,11548.57,5.27,1.5,0.079,ok
DB0-m3_o48_o156_f0_fsc.sym.9,1.0,298.15,0.035805,0.9149,0.7343,139.868,139.1338,18948.96,6.98,1.5,0.208,ok
DB0-m3_o155_o45_f0_fsc.sym.28,1.0,298.15,0.035832,0.8933,0.7174,113.0468,112.3294,15657.01,7.04,1.5,0.11,ok
DB0-m3_o1490_o156_f0_fsc.sym.19,1.0,298.15,0.035887,1.0643,0.8561,131.3916,130.5355,15248.19,6.99,1.5,0.196,ok
DB0-m3_o153_o158_f0_fsc.sym.17,1.0,298.15,0.035899,0.9519,0.766,113.2901,112.5241,14690.41,5.36,1.5,0.1,ok
DB1-Al2O6-ADC_B-BDC_B_No351,1.0,298.15,0.035921,1.114,0.8969,83.964,83.0671,9261.46,8.29,1.5,0.05,ok
DB0-m3_o1480_o156_f0_fsc.sym.23,1.0,298.15,0.035923,0.9835,0.7919,131.3211,130.5292,16483.91,6.99,1.5,0.207,ok
DB0-m3_o1480_o156_f0_fsc.sym.20,1.0,298.15,0.035933,1.0305,0.83,124.9255,124.0955,14951.13,7.0,1.5,0.194,ok
DB0-m3_o113_o22_f0_fsc.sym.17,1.0,298.15,0.03597,1.429,1.1521,100.0437,98.8917,8583.67,4.95,1.5,0.05,ok
DB0-m3_o500_o156_f0_fsc.sym.22,1.0,298.15,0.035972,0.9169,0.7393,132.4893,131.75,17820.94,6.99,1.5,0.188,ok
DB0-m3_o1490_o156_f0_fsc.sym.13,1.0,298.15,0.035975,0.9197,0.7416,134.0629,133.3213,17977.34,7.01,1.5,0.184,ok
DB0-m3_o1_o153_f0_fsc.sym.41,1.0,298.15,0.035982,1.0861,0.876,98.6539,97.778,11162.33,5.21,1.5,0.085,ok
DB0-m3_o51_o4_f0_fsc.sym.2,1.0,298.15,0.035984,0.975,0.7864,103.8129,103.0264,13100.71,5.23,1.5,0.204,ok
DB0-m3_o16_o147_f0_fsc.sym.10,1.0,298.15,0.035993,1.1302,0.9118,114.3298,113.418,12439.52,4.87,1.5,0.088,ok
DB0-m3_o18_o47_f0_fsc.sym.16,1.0,298.15,0.036002,1.1744,0.9477,107.7081,106.7604,11265.31,5.63,1.5,0.097,ok
DB0-m3_o490_o22_f0_fsc.sym.1,1.0,298.15,0.036011,1.2385,0.9997,100.3132,99.3136,9934.57,4.29,1.5,0.05,ok
DB0-m3_o18_o51_f0_fsc.sym.30,1.0,298.15,0.036014,1.0138,0.8183,113.7171,112.8987,13796.23,5.81,1.5,0.134,ok
DB0-m15_o14_o97_f0_fsc,1.0,298.15,0.036039,1.1306,0.9133,104.0924,103.1791,11297.63,6.27,1.5,0.058,ok
DB0-m3_o1520_o156_f0_fsc.sym.13,1.0,298.15,0.036055,0.8766,0.7084,124.9255,124.2171,17534.44,7.0,1.5,0.158,ok
DB0-m3_o81_o4_f0_fsc.sym.1,1.0,298.15,0.036074,1.1792,0.9535,101.8905,100.937,10586.21,5.89,1.5,0.054,ok
DB0-m3_o156_o150_f0_fsc.sym.104,1.0,298.15,0.036095,0.8677,0.702,138.7469,138.0449,19665.1,6.99,1.5,0.196,ok
DB0-m3_o16_o150_f0_fsc.sym.96,1.0,298.15,0.036097,0.9269,0.75,114.8532,114.1032,15214.4,6.03,1.5,0.133,ok
DB0-m3_o156_o150_f0_fsc.sym.64,1.0,298.15,0.036116,0.7947,0.6433,124.8249,124.1816,19302.81,7.0,1.5,0.234,ok
DB0-m3_o16_o1530_f0_fsc.sym.37,1.0,298.15,0.036117,1.0554,0.8544,111.0894,110.235,12902.14,5.2,1.5,0.096,ok
DB0-m3_o490_o155_f0_fsc.sym.33,1.0,298.15,0.036127,0.9734,0.7883,104.71,103.9218,13183.84,7.03,1.5,0.078,ok
DB1-Al2O6-ADC_B-BDC_B_No167,1.0,298.15,0.036131,1.114,0.9022,83.964,83.0618,9207.06,8.29,1.5,0.05,ok
DB0-m3_o460_o14_f0_fsc.sym.19,1.0,298.15,0.11631,1.4241,3.7126,85.6898,81.9772,2208.07,3.72,1.5,0.05,ok
DB0-m3_o51_o15_f0_fsc.sym.14,1.0,298.15,0.117694,1.4597,3.8506,83.8678,80.0173,2078.07,5.27,1.5,0.05,ok
DB0-m3_o45_o15_f0_fsc.sym.3,1.0,298.15,0.1183,1.1934,3.1644,94.293,91.1286,2879.79,5.21,1.5,0.05,ok
DB0-m3_o152_o15_f0_fsc.sym.22,1.0,298.15,0.119052,1.287,3.4343,95.8668,92.4325,2691.43,5.21,1.5,0.05,ok
DB12-MIMVEJ_freeONLY,1.0,298.15,0.120284,1.3041,3.516,85.1661,81.6502,2322.27,6.2,1.5,0.05,ok
DB12-MIMVEJ_clean,1.0,298.15,0.120544,1.3041,3.5236,85.1604,81.6368,2316.88,6.2,1.5,0.05,ok
DB0-m3_o1490_o15_f0_fsc.sym.2,1.0,298.15,0.121062,1.3569,3.682,86.8169,83.1349,2257.87,4.3,1.5,0.05,ok
DB0-m3_o51_o15_f0_fsc.sym.3,1.0,298.15,0.121597,1.1702,3.1895,89.7295,86.54,2713.29,5.26,1.5,0.05,ok
DB0-m3_o153_o14_f0_fsc.sym.62,1.0,298.15,0.121846,1.2789,3.4927,85.2637,81.771,2341.19,5.21,1.5,0.05,ok
DB0-m3_o1480_o15_f0_fsc.sym.16,1.0,298.15,0.124148,1.3447,3.7417,86.1529,82.4111,2202.5,4.3,1.5,0.05,ok
DB5-hypotheticalMOF_36346_0_0_2_16_2_12,1.0,298.15,0.124438,1.1895,3.3176,87.728,84.4104,2544.31,5.94,1.5,0.05,ok
DB0-m3_o1480_o15_f0_fsc.sym.17,1.0,298.15,0.125948,1.318,3.7208,87.5804,83.8596,2253.79,4.3,1.5,0.05,ok
DB0-m3_o152_o15_f0_fsc.sym.16,1.0,298.15,0.126327,1.3562,3.8401,79.0707,75.2307,1959.11,5.21,1.5,0.05,ok
DB0-m3_o45_o15_f0_fsc.sym.26,1.0,298.15,0.127587,1.3735,3.9277,88.9535,85.0257,2164.75,5.1,1.5,0.05,ok
DB0-m3_o1490_o15_f0_fsc.sym.15,1.0,298.15,0.129771,1.4236,4.1407,84.3098,80.1691,1936.12,4.29,1.5,0.05,ok
DB0-m3_o1480_o15_f0_fsc.sym.21,1.0,298.15,0.132896,1.5359,4.575,84.8454,80.2704,1754.53,4.29,1.5,0.05,ok
DB0-m3_o1490_o15_f0_fsc.sym.3,1.0,298.15,0.133385,1.3408,4.0085,85.1719,81.1634,2024.81,4.3,1.5,0.05,ok
DB0-m3_o47_o15_f0_fsc.sym.22,1.0,298.15,0.134304,1.3342,4.0162,84.5943,80.5781,2006.33,4.52,1.5,0.05,ok
DB0-m3_o44_o15_f0_fsc.sym.16,1.0,298.15,0.135783,1.2528,3.8127,88.1425,84.3298,2211.79,5.43,1.5,0.05,ok
DB0-m3_o49_o14_f0_fsc.sym.2,1.0,298.15,0.136404,1.3152,4.0209,87.0336,83.0127,2064.53,4.34,1.5,0.05,ok
DB0-m3_o1530_o15_f0_fsc.sym.2,1.0,298.15,0.14106,1.2255,3.8748,76.4955,72.6207,1874.17,5.23,1.5,0.05,ok
DB1-Al2O6-ADC_B-fum_B_No47,1.0,298.15,0.14387,1.354,4.3663,74.9135,70.5472,1615.72,6.74,1.5,0.05,ok
DB1-Al2O6-ADC_B-fum_B_No223,1.0,298.15,0.144593,1.354,4.3882,74.9135,70.5253,1607.15,6.74,1.5,0.05,ok
DB0-m3_o150_o15_f0_fsc.sym.44,1.0,298.15,0.146693,1.405,4.6195,88.9714,84.3519,1826.0,6.03,1.5,0.05,ok
DB1-Al2O6-ADC_B-fum_B_No149,1.0,298.15,0.147758,1.354,4.4843,74.9135,70.4292,1570.58,6.74,1.5,0.05,ok
DB0-m3_o470_o15_f0_fsc.sym.17,1.0,298.15,0.148205,1.3522,4.4917,77.0133,72.5216,1614.56,4.51,1.5,0.05,ok
DB1-Al2O6-ADC_B-fum_B_No97,1.0,298.15,0.148733,1.354,4.5139,74.9135,70.3997,1559.63,6.74,1.5,0.05,ok
DB0-m3_o45_o15_f0_fsc.sym.18,1.0,298.15,0.155041,1.3125,4.561,93.4717,88.9107,1949.37,5.24,1.5,0.05,ok
DB0-m3_o47_o15_f0_fsc.sym.3,1.0,298.15,0.157707,1.3456,4.7567,83.3074,78.5508,1651.39,4.51,1.5,0.05,ok
DB0-m3_o490_o15_f0_fsc.sym.4,1.0,298.15,0.164568,1.433,5.2859,99.3999,94.114,1780.48,4.31,1.5,0.05,ok
DB0-m3_o1490_o15_f0_fsc.sym.18,1.0,298.15,0.164794,1.3897,5.1333,81.3269,76.1936,1484.3,4.38,1.5,0.05,ok
DB0-m3_o490_o15_f0_fsc.sym.3,1.0,298.15,0.16859,1.3868,5.2404,99.4534,94.213,1797.83,4.29,1.5,0.05,ok
DB0-m3_o1520_o15_f0_fsc.sym.2,1.0,298.15,0.170715,1.2527,4.7933,80.7125,75.9192,1583.86,5.25,1.5,0.05,ok
DB0-m3_o152_o15_f0_fsc.sym.2,1.0,298.15,0.175957,1.2569,4.9571,76.0069,71.0498,1433.3,5.25,1.5,0.05,ok
DB0-m3_o1470_o15_f0_fsc.sym.3,1.0,298.15,0.191044,1.4365,6.1513,89.0733,82.922,1348.04,4.32,1.5,0.05,ok
DB1-Al2O6-ADC_B-fum_B_No83,1.0,298.15,0.201392,1.3398,6.0478,73.715,67.6672,1118.88,6.74,1.5,0.05,ok
DB1-Al2O6-ADC_B-fum_B_No11,1.0,298.15,0.204834,1.3398,6.1512,73.715,67.5638,1098.39,6.74,1.5,0.05,ok
DB5-hypotheticalMOF_33053_0_0_2_0_25_3,5.0,298.15,0.00589,1.319,0.1741,98.8399,98.6658,56666.37,7.08,1.5,0.398,ok
DB1-AlO6-mofHTB_No11,5.0,298.15,0.008003,1.3985,0.2509,105.1049,104.8541,41797.36,7.48,1.5,0.05,ok
DB0-m3_o1_o7_f0_nbo.sym.79,5.0,298.15,0.008256,1.0883,0.2014,106.27,106.0686,52670.59,14.22,5.13,0.675,ok
DB0-m9_o2_o2_f0_sra.sym.42,5.0,298.15,0.00829,1.2345,0.2294,104.8227,104.5933,45597.22,7.63,1.5,0.05,ok
DB1-AlO6-mof200_No4,5.0,298.15,0.008626,0.9144,0.1768,86.6183,86.4416,48892.84,9.52,1.5,0.361,ok
DB12-EPONAA_clean,5.0,298.15,0.008647,0.4952,0.096,137.4133,137.3174,143065.44,8.14,1.95,0.77,ok
DB0-m9_o13_o20_f0_sra.sym.96,5.0,298.15,0.008736,1.1656,0.2282,93.4843,93.2561,40857.31,8.18,1.5,0.05,ok
DB0-m3_o25_o146_f0_fsc.sym.26,5.0,298.15,0.008827,1.0887,0.2154,105.1897,104.9743,48733.51,6.23,1.5,0.244,ok
DB1-AlO6-mofHTB_No12,5.0,298.15,0.008843,0.7877,0.1561,73.6926,73.5365,47104.79,7.48,1.5,0.314,ok
DB0-m2_o1_o9_f0_nbo.sym.104,5.0,298.15,0.00943,1.1558,0.2443,124.691,124.4467,50937.22,7.51,3.86,0.548,ok
DB1-AlO6-ADC_A_No4,5.0,298.15,0.009518,0.5013,0.1069,79.9557,79.8487,74666.43,11.52,1.5,0.47,ok
DB0-m2_o24_o24_f0_nbo.sym.15,5.0,298.15,0.009566,0.6893,0.1478,100.8544,100.7066,68138.15,12.15,4.96,0.514,ok
DB5-hypotheticalMOF_5060248_2_1_2_12_12_0,5.0,298.15,0.009839,1.055,0.2327,133.238,133.0054,57169.66,4.72,1.5,0.352,ok
DB0-m2_o10_kto,5.0,298.15,0.009932,0.6009,0.1338,102.4263,102.2925,76468.35,9.53,3.54,0.659,ok
DB5-hypotheticalMOF_5024843_2_0_0_27_16_1,5.0,298.15,0.018413,0.3672,0.1515,137.4871,137.3356,90629.9,8.52,3.14,0.738,ok
DB0-m2_o14_o20_f0_nbo.sym.99,5.0,298.15,0.018414,0.4374,0.1805,112.5618,112.3813,62255.65,12.26,4.79,0.648,ok
DB6-cuf_7523,5.0,298.15,0.018419,0.4828,0.1993,130.3379,130.1386,65292.93,7.68,1.5,0.629,ok
DB7-ddmof_6678,5.0,298.15,0.018419,0.7205,0.2975,122.0411,121.7436,40927.96,13.18,4.32,0.556,ok
DB5-hypotheticalMOF_5018595_0_0_0_19_12_10,5.0,298.15,0.018422,0.4087,0.1688,123.4584,123.2896,73056.72,7.22,1.92,0.65,ok
DB5-hypotheticalMOF_5017164_2_0_0_19_25_6,5.0,298.15,0.018427,0.3094,0.1278,93.0074,92.8796,72674.27,7.92,3.58,0.765,ok
DB0-m3_o9_o23_f0_nbo.sym.68,5.0,298.15,0.018427,0.541,0.2235,125.8682,125.6447,56227.25,8.89,5.11,0.55,ok
DB0-m2_o11_o28_f0_nbo.sym.55,5.0,298.15,0.018431,0.3494,0.1444,103.0202,102.8759,71262.79,18.62,5.05,0.701,ok
DB0-m2_o5_o27_f0_nbo.sym.12,5.0,298.15,0.018434,0.4734,0.1956,123.4584,123.2628,63013.28,15.32,3.67,0.636,ok
DB0-m3_o21_o26_f0_pcu.sym.2,5.0,298.15,0.018434,0.3614,0.1493,115.1931,115.0438,77050.17,6.97,1.55,0.69,ok
DB0-m2_o11_o28_f0_nbo.sym.35,5.0,298.15,0.018434,0.2975,0.1229,84.2019,84.079,68400.9,18.68,5.13,0.766,ok
DB0-m3_o2_o22_f0_pcu.sym.17,5.0,298.15,0.018435,0.7697,0.318,94.1155,93.7975,29492.04,6.11,1.5,0.245,ok
DB0-m3_o6_o28_f0_pcu.sym.82,5.0,298.15,0.018438,0.3506,0.1449,117.5691,117.4242,81039.99,9.38,2.35,0.695,ok
DB15-pcu_N65_E225_opt,5.0,298.15,0.018443,0.3011,0.1245,92.7573,92.6328,74429.88,8.95,3.51,0.766,ok
DB0-m2_o14_o25_f0_nbo.sym.10,5.0,298.15,0.018444,0.4019,0.1662,126.6137,126.4476,76095.99,8.82,5.02,0.679,ok
DB1-Zn2O8N2-ADC_A-DPAC_A_No17,5.0,298.15,0.018451,0.3621,0.1498,114.5142,114.3645,76364.3,7.09,3.05,0.735,ok
DB1-Zn2O8N2-DPAC_A-irmof20_A_No541,5.0,298.15,0.018453,0.403,0.1667,128.4969,128.3303,76993.81,12.11,3.06,0.708,ok
DB7-ddmof_18374,5.0,298.15,0.018453,0.3047,0.126,83.3551,83.2291,66049.78,11.51,6.68,0.762,ok
DB0-m2_o11_o24_f0_pcu.sym.84,5.0,298.15,0.031149,0.9201,0.6424,101.2213,100.5789,15656.9,4.42,1.5,0.28,ok
DB1-Cu2O8N2-BDC_A-DPAC_A_No551,5.0,298.15,0.031161,0.8469,0.5915,104.3166,103.725,17535.11,11.23,1.5,0.407,ok
DB0-m3_o24_o52_f0_fsc.sym.14,5.0,298.15,0.031167,0.9981,0.6972,98.3756,97.6784,14009.09,6.01,1.5,0.258,ok
DB0-m2_o16_o29_f0_pcu.sym.3,5.0,298.15,0.031179,0.5225,0.3651,133.6677,133.3026,36507.25,11.0,1.5,0.508,ok
DB0-m3_o24_o52_f0_fsc.sym.1,5.0,298.15,0.031181,0.9117,0.6372,101.5075,100.8704,15831.29,6.0,1.5,0.305,ok
DB0-m1_o41_o20_fsc,5.0,298.15,0.031182,0.6512,0.4551,113.6865,113.2314,24880.57,6.67,1.5,0.533,ok
DB0-m3_o93_o23_f0_fsc.sym.9,5.0,298.15,0.031189,0.935,0.6536,126.7838,126.1302,19297.16,5.68,1.5,0.216,ok
DB0-m3_o7_o15_f0_pcu.sym.35,5.0,298.15,0.031198,0.6937,0.4851,111.9284,111.4433,22973.48,7.12,1.5,0.435,ok
DB0-m2_o16_o28_f0_pcu.sym.104,5.0,298.15,0.031215,0.5797,0.4056,140.9981,140.5926,34665.45,9.34,1.5,0.479,ok
DB0-m3_o96_o23_f0_fsc.sym.8,5.0,298.15,0.031222,0.6157,0.4309,134.4952,134.0644,31115.39,6.4,1.65,0.475,ok
DB0-m3_o25_o115_f0_fsc.sym.41,5.0,298.15,0.031234,0.5915,0.4141,141.4527,141.0386,34060.5,6.67,2.06,0.484,ok
DB5-hypotheticalMOF_5036689_1_1_1_18_24_0,5.0,298.15,0.031236,0.6254,0.4379,136.4581,136.0203,31063.54,6.8,2.17,0.489,ok
DB0-m9_o3_o25_f0_sra.sym.58,5.0,298.15,0.031248,0.751,0.526,112.6829,112.1569,21323.76,10.66,1.5,0.299,ok
DB0-m2_o11_o18_f0_pcu.sym.6,5.0,298.15,0.031258,0.7199,0.5044,116.4064,115.902,22980.38,6.38,1.5,0.392,ok
DB0-m3_o16_o43_f0_fsc.sym.16,5.0,298.15,0.099925,0.8433,1.8887,153.0561,151.1674,8003.93,6.02,1.5,0.313,ok
DB0-m3_o52_o13_f0_fsc.sym.4,5.0,298.15,0.099982,0.8585,1.9239,121.9428,120.019,6238.44,6.03,1.5,0.267,ok
DB0-m3_o158_o151_f0_fsc.sym.42,5.0,298.15,0.100004,0.8274,1.8546,126.92,125.0654,6743.56,7.75,1.5,0.285,ok
DB0-m3_o440_o158_f0_fsc.sym.53,5.0,298.15,0.100008,1.0774,2.4151,115.8448,113.4297,4696.73,5.38,1.5,0.154,ok
DB0-m3_o43_o155_f0_fsc.sym.37,5.0,298.15,0.100071,0.7663,1.7188,144.8311,143.1123,8326.44,7.03,1.5,0.299,ok
DB5-hypotheticalMOF_5074449_0_0_2_23_10_12,5.0,298.15,0.100075,0.8741,1.9608,116.6881,114.7274,5851.17,6.82,1.5,0.088,ok
DB0-m3_o153_o159_f0_fsc.sym.5,5.0,298.15,0.100117,0.8805,1.9758,143.4394,141.4636,7159.67,5.36,1.5,0.233,ok
DB0-m3_o44_o158_f0_fsc.sym.38,5.0,298.15,0.100138,1.1106,2.4928,84.4917,81.999,3289.46,5.43,1.5,0.05,ok
DB0-m3_o153_o13_f0_fsc.sym.7,5.0,298.15,0.100322,0.9662,2.1727,136.8982,134.7255,6200.84,5.22,1.5,0.266,ok
DB0-m3_o450_o158_f0_fsc.sym.95,5.0,298.15,0.100405,0.9982,2.2464,107.6791,105.4327,4693.38,5.36,1.5,0.088,ok
DB0-m3_o1520_o155_f0_fsc.sym.12,5.0,298.15,0.100437,0.769,1.7312,141.2252,139.494,8057.61,7.02,1.5,0.341,ok
DB0-m2_o42_o150_f0_fsc,5.0,298.15,0.100498,0.8804,1.9832,135.0377,133.0545,6709.18,5.36,1.5,0.263,ok
DB0-m3_o148_o159_f0_fsc.sym.2,5.0,298.15,0.1006,0.9256,2.0871,139.4185,137.3314,6580.12,5.36,1.5,0.235,ok
DB0-m3_o153_o159_f0_fsc.sym.61,5.0,298.15,0.100622,0.9006,2.0311,136.4581,134.427,6618.31,5.36,1.5,0.229,ok
DB0-m3_o18_o145_f0_fsc,5.0,298.15,0.10075,0.8459,1.9103,133.0951,131.1847,6867.15,5.68,1.5,0.275,ok
DB0-m3_o25_o46_f0_fsc.sym.48,5.0,298.15,0.100829,1.3225,2.9888,111.658,108.6692,3635.88,5.68,1.5,0.25,ok
DB0-m3_o25_o490_f0_fsc.sym.23,5.0,298.15,0.100993,0.9565,2.1652,128.7041,126.5388,5844.12,5.73,1.5,0.18,ok
DB0-m3_o155_o44_f0_fsc.sym.26,5.0,298.15,0.141632,0.8019,2.5457,121.42,118.8743,4669.59,7.03,1.5,0.216,ok
DB0-m3_o49_o13_f0_fsc.sym.13,5.0,298.15,0.141694,1.1397,3.6196,109.4887,105.8691,2924.88,4.58,1.5,0.05,ok
DB0-m3_o4_o42_f0_fsc,5.0,298.15,0.141744,1.0678,3.3924,129.3274,125.935,3712.29,4.4,1.5,0.188,ok
DB0-m3_o18_o1490_f0_fsc.sym.34,5.0,298.15,0.141807,0.9845,3.1292,128.7041,125.5749,4013.04,5.69,1.5,0.189,ok
DB0-m3_o1470_o159_f0_fsc.sym.48,5.0,298.15,0.141817,1.0122,3.2173,124.2565,121.0392,3762.09,5.37,1.5,0.14,ok
DB0-m3_o17_o1500_f0_fsc.sym.16,5.0,298.15,0.141861,0.8421,2.6776,111.0297,108.3521,4046.63,5.99,1.5,0.21,ok
DB0-m3_o46_o159_f0_fsc.sym.55,5.0,298.15,0.141885,1.0623,3.3783,122.7312,119.3529,3532.88,5.36,1.5,0.171,ok
DB12-CUVGOQ_freeONLY,5.0,298.15,0.141918,1.0021,3.1876,83.2737,80.0861,2512.41,5.34,1.5,0.05,ok
DB5-hypotheticalMOF_29125_0_0_2_25_7_12,5.0,298.15,0.141947,1.0343,3.2907,105.9277,102.637,3119.02,7.08,1.5,0.05,ok
DB0-m3_o1490_o158_f0_fsc.sym.18,5.0,298.15,0.141991,0.982,3.1253,122.6324,119.5071,3823.87,5.36,1.5,0.162,ok
DB0-m3_o153_o155_f0_fsc.sym.77,5.0,298.15,0.142042,0.8185,2.606,136.4581,133.8521,5136.24,7.02,1.5,0.292,ok
DB0-m3_o1480_o159_f0_fsc.sym.70,5.0,298.15,0.142095,1.0838,3.4518,131.0043,127.5525,3695.25,5.38,1.5,0.095,ok
DB0-m3_o81_o22_f0_fsc.sym.3,5.0,298.15,0.14212,1.3493,4.2981,115.3479,111.0498,2583.7,5.9,1.5,0.05,ok
DB0-m3_o1520_o155_f0_fsc.sym.2,5.0,298.15,0.142257,0.8678,2.7669,135.9465,133.1796,4813.23,7.01,1.5,0.19,ok
DB0-m3_o160_o49_f0_fsc.sym.22,5.0,298.15,0.142272,1.0151,3.237,139.1943,135.9573,4200.12,5.36,1.5,0.162,ok
DB0-m3_o13_o510_f0_fsc.sym.67,5.0,298.15,0.142285,1.0928,3.4852,93.6102,90.125,2585.91,5.25,1.5,0.098,ok
DB0-m3_o152_o18_f0_fsc.sym.11,5.0,298.15,0.142342,0.9605,3.0644,121.7792,118.7148,3874.04,5.63,1.5,0.147,ok
DB0-m3_o152_o155_f0_fsc.sym.8,5.0,298.15,0.142342,0.8367,2.6694,136.7513,134.082,5023.01,7.01,1.5,0.2,ok
DB12-DONNEA_freeONLY,5.0,298.15,0.142352,1.2349,3.9402,80.5861,76.6459,1945.21,4.42,1.5,0.105,ok
DB0-m3_o1530_o156_f0_fsc.sym.87,5.0,298.15,0.142428,0.878,2.8029,140.1685,137.3656,4900.88,6.99,1.5,0.214,ok
DB0-m3_o1490_o155_f0_fsc.sym.63,5.0,298.15,0.142473,0.9091,2.9031,133.3095,130.4064,4491.93,7.02,1.5,0.197,ok
DB0-m3_o160_o147_f0_fsc.sym.25,5.0,298.15,0.14263,1.0158,3.2474,135.2915,132.0441,4066.13,5.36,1.5,0.143,ok
DB0-m3_o48_o159_f0_fsc.sym.64,5.0,298.15,0.142657,1.0399,3.325,129.1539,125.8289,3784.34,5.36,1.5,0.131,ok
DB0-m3_o152_o156_f0_fsc.sym.29,5.0,298.15,0.142704,0.8033,2.5695,145.8444,143.2749,5575.91,6.99,1.5,0.282,ok
DB0-m3_o43_o156_f0_fsc.sym.90,5.0,298.15,0.14283,0.7549,2.4169,137.0452,134.6283,5570.37,6.99,1.5,0.291,ok
DB0-m3_o156_o45_f0_fsc.sym.32,5.0,298.15,0.142831,0.8218,2.631,125.497,122.866,4669.85,7.01,1.5,0.242,ok
DB0-m3_o24_o82_f0_fsc.sym.40,5.0,298.15,0.142838,1.45,4.6423,89.0314,84.389,1817.82,5.35,1.5,0.05,ok
DB0-m3_o153_o158_f0_fsc.sym.85,5.0,298.15,0.142858,0.9513,3.0459,107.5634,104.5175,3431.38,5.35,1.5,0.175,ok
DB0-m3_o480_o158_f0_fsc.sym.11,5.0,298.15,0.142862,1.0395,3.3286,131.0394,127.7109,3836.81,5.34,1.5,0.168,ok
DB0-m3_o156_o510_f0_fsc.sym.5,5.0,298.15,0.142871,0.8487,2.7178,139.045,136.3272,5016.11,7.01,1.5,0.322,ok
DB0-m3_o158_o47_f0_fsc.sym.15,5.0,298.15,0.142925,0.991,3.1745,127.1246,123.9501,3904.5,5.37,1.5,0.193,ok
DB0-m3_o16_o45_f0_fsc.sym.73,5.0,298.15,0.142945,1.0269,3.2902,140.9981,137.7079,4185.36,5.11,1.5,0.165,ok
DB0-m3_o147_o156_f0_fsc.sym.3,5.0,298.15,0.142947,1.0222,3.2752,115.4099,112.1348,3423.8,7.02,1.5,0.071,ok
DB0-m3_o1490_o155_f0_fsc.sym.31,5.0,298.15,0.178764,0.9232,3.6993,125.1269,121.4277,3282.47,7.03,1.5,0.152,ok
DB0-m3_o51_o4_f0_fsc.sym.35,5.0,298.15,0.178774,1.1064,4.4334,95.0831,90.6497,2044.71,5.22,1.5,0.083,ok
DB0-m3_o490_o158_f0_fsc.sym.34,5.0,298.15,0.178776,1.2112,4.8535,92.7948,87.9412,1811.9,5.38,1.5,0.05,ok
DB5-hypotheticalMOF_35592_0_0_2_14_2_4,5.0,298.15,0.178784,1.0725,4.2978,121.8119,117.5141,2734.25,5.34,1.5,0.236,ok
DB0-m3_o42_o155_f0_fsc.sym.11,5.0,298.15,0.178789,0.9478,3.7981,113.9924,110.1942,2901.28,7.13,1.5,0.075,ok
DB0-m3_o24_o147_f0_fsc.sym.34,5.0,298.15,0.178844,1.3447,5.3905,90.5609,85.1704,1580.01,4.35,1.5,0.05,ok
DB0-m3_o1490_o156_f0_fsc.sym.8,5.0,298.15,0.178874,0.9338,3.7439,132.2406,128.4967,3432.15,7.0,1.5,0.201,ok
DB0-m3_o1520_o156_f0_fsc.sym.69,5.0,298.15,0.17897,0.8609,3.4536,134.8566,131.403,3804.8,6.99,1.5,0.241,ok
DB0-m3_o153_o4_f0_fsc.sym.38,5.0,298.15,0.178999,1.1388,4.5688,110.1973,105.6285,2311.94,5.21,1.5,0.123,ok
DB0-m3_o16_o51_f0_fsc.sym.72,5.0,298.15,0.179,1.0007,4.0149,97.7424,93.7275,2334.52,5.27,1.5,0.079,ok
DB0-m3_o48_o156_f0_fsc.sym.9,5.0,298.15,0.179025,0.9149,3.6713,144.7534,141.0821,3842.86,6.98,1.5,0.208,ok
DB0-m3_o155_o45_f0_fsc.sym.28,5.0,298.15,0.179159,0.8933,3.5872,116.3126,112.7254,3142.44,7.04,1.5,0.11,ok
DB0-m3_o1490_o156_f0_fsc.sym.19,5.0,298.15,0.179433,1.0643,4.2804,134.6397,130.3593,3045.52,6.99,1.5,0.196,ok
DB0-m3_o153_o158_f0_fsc.sym.17,5.0,298.15,0.179494,0.9519,3.8298,116.5315,112.7017,2942.72,5.36,1.5,0.1,ok
DB1-Al2O6-ADC_B-BDC_B_No351,5.0,298.15,0.179603,1.114,4.4846,86.461,81.9764,1827.97,8.29,1.5,0.05,ok
DB0-m3_o1480_o156_f0_fsc.sym.23,5.0,298.15,0.179615,0.9835,3.9593,135.219,131.2597,3315.23,6.99,1.5,0.207,ok
DB0-m3_o1480_o156_f0_fsc.sym.20,5.0,298.15,0.179667,1.0305,4.15,127.9806,123.8306,2983.84,7.0,1.5,0.194,ok
DB0-m3_o113_o22_f0_fsc.sym.17,5.0,298.15,0.179851,1.429,5.7605,103.5062,97.7458,1696.84,4.95,1.5,0.05,ok
DB0-m3_o500_o156_f0_fsc.sym.22,5.0,298.15,0.179859,0.9169,3.6965,134.4952,130.7988,3538.46,6.99,1.5,0.188,ok
DB0-m3_o1490_o156_f0_fsc.sym.13,5.0,298.15,0.179873,0.9197,3.708,137.266,133.5579,3601.85,7.01,1.5,0.184,ok
DB0-m3_o1_o153_f0_fsc.sym.41,5.0,298.15,0.179911,1.0861,4.3798,102.5227,98.1429,2240.8,5.21,1.5,0.085,ok
DB0-m3_o51_o4_f0_fsc.sym.2,5.0,298.15,0.179921,0.975,3.9321,105.5013,101.5692,2583.08,5.23,1.5,0.204,ok
DB0-m3_o16_o147_f0_fsc.sym.10,5.0,298.15,0.179966,1.1302,4.5588,118.7434,114.1846,2504.72,4.87,1.5,0.088,ok
DB0-m3_o18_o47_f0_fsc.sym.16,5.0,298.15,0.18001,1.1744,4.7385,112.2296,107.4911,2268.48,5.63,1.5,0.097,ok
DB0-m3_o490_o22_f0_fsc.sym.1,5.0,298.15,0.180056,1.2385,4.9984,106.3843,101.3859,2028.38,4.29,1.5,0.05,ok
DB0-m3_o18_o51_f0_fsc.sym.30,5.0,298.15,0.180068,1.0138,4.0917,117.1278,113.0361,2762.6,5.81,1.5,0.134,ok
DB0-m15_o14_o97_f0_fsc,5.0,298.15,0.180197,1.1306,4.5664,106.7855,102.2191,2238.5,6.27,1.5,0.058,ok
DB0-m3_o1520_o156_f0_fsc.sym.13,5.0,298.15,0.180276,0.8766,3.5421,127.8433,124.3012,3509.26,7.0,1.5,0.158,ok
DB0-m3_o81_o4_f0_fsc.sym.1,5.0,298.15,0.180368,1.1792,4.7674,105.1049,100.3375,2104.67,5.89,1.5,0.054,ok
DB0-m3_o156_o150_f0_fsc.sym.104,5.0,298.15,0.180473,0.8677,3.5099,141.3768,137.867,3927.95,6.99,1.5,0.196,ok
DB0-m3_o16_o150_f0_fsc.sym.96,5.0,298.15,0.180487,0.9269,3.7498,119.2547,115.5049,3080.26,6.03,1.5,0.133,ok
DB0-m3_o156_o150_f0_fsc.sym.64,5.0,298.15,0.180581,0.7947,3.2167,127.3637,124.147,3859.49,7.0,1.5,0.234,ok
DB0-m3_o16_o1530_f0_fsc.sym.37,5.0,298.15,0.180586,1.0554,4.272,115.3789,111.107,2600.84,5.2,1.5,0.096,ok
DB0-m3_o490_o155_f0_fsc.sym.33,5.0,298.15,0.180637,0.9734,3.9413,108.8432,104.9019,2661.64,7.03,1.5,0.078,ok
DB1-Al2O6-ADC_B-BDC_B_No167,5.0,298.15,0.180653,1.114,4.5108,86.461,81.9502,1816.77,8.29,1.5,0.05,ok
DB0-m3_o460_o14_f0_fsc.sym.19,5.0,298.15,0.581549,1.4241,18.5631,90.1048,71.5417,385.4,3.72,1.5,0.05,ok
DB0-m3_o51_o15_f0_fsc.sym.14,5.0,298.15,0.588469,1.4597,19.2528,87.6512,68.3984,355.26,5.27,1.5,0.05,ok
DB0-m3_o45_o15_f0_fsc.sym.3,5.0,298.15,0.591502,1.1934,15.8221,97.3487,81.5266,515.27,5.21,1.5,0.05,ok
DB0-m3_o152_o15_f0_fsc.sym.22,5.0,298.15,0.59526,1.287,17.1716,99.7079,82.5363,480.65,5.21,1.5,0.05,ok
DB12-MIMVEJ_freeONLY,5.0,298.15,0.601421,1.3041,17.5798,87.9173,70.3374,400.1,6.2,1.5,0.05,ok
DB12-MIMVEJ_clean,5.0,298.15,0.60272,1.3041,17.6179,87.9054,70.2876,398.96,6.2,1.5,0.05,ok
DB0-m3_o1490_o15_f0_fsc.sym.2,5.0,298.15,0.605308,1.3569,18.41,92.2716,73.8616,401.2,4.3,1.5,0.05,ok
DB0-m3_o51_o15_f0_fsc.sym.3,5.0,298.15,0.607987,1.1702,15.9474,92.7698,76.8224,481.72,5.26,1.5,0.05,ok
DB0-m3_o153_o14_f0_fsc.sym.62,5.0,298.15,0.609229,1.2789,17.4635,89.9593,72.4958,415.13,5.21,1.5,0.05,ok
DB0-m3_o1480_o15_f0_fsc.sym.16,5.0,298.15,0.620738,1.3447,18.7086,90.9887,72.2801,386.35,4.3,1.5,0.05,ok
DB5-hypotheticalMOF_36346_0_0_2_16_2_12,5.0,298.15,0.622192,1.1895,16.5881,90.5,73.9119,445.57,5.94,1.5,0.05,ok
DB0-m3_o1480_o15_f0_fsc.sym.17,5.0,298.15,0.629742,1.318,18.6042,92.6824,74.0783,398.18,4.3,1.5,0.05,ok
DB0-m3_o152_o15_f0_fsc.sym.16,5.0,298.15,0.631637,1.3562,19.2003,82.2835,63.0833,328.55,5.21,1.5,0.05,ok
DB0-m3_o45_o15_f0_fsc.sym.26,5.0,298.15,0.637934,1.3735,19.6387,92.4955,72.8567,370.99,5.1,1.5,0.05,ok
DB0-m3_o1490_o15_f0_fsc.sym.15,5.0,298.15,0.648857,1.4236,20.7035,89.1033,68.3998,330.38,4.29,1.5,0.05,ok
DB0-m3_o1480_o15_f0_fsc.sym.21,5.0,298.15,0.664481,1.5359,22.8752,90.3904,67.5152,295.15,4.29,1.5,0.05,ok
DB0-m3_o1490_o15_f0_fsc.sym.3,5.0,298.15,0.666926,1.3408,20.0423,90.2444,70.2022,350.27,4.3,1.5,0.05,ok
DB0-m3_o47_o15_f0_fsc.sym.22,5.0,298.15,0.671519,1.3342,20.0809,88.3089,68.228,339.76,4.52,1.5,0.05,ok
DB0-m3_o44_o15_f0_fsc.sym.16,5.0,298.15,0.678917,1.2528,19.0637,92.0979,73.0342,383.11,5.43,1.5,0.05,ok
DB0-m3_o49_o14_f0_fsc.sym.2,5.0,298.15,0.682021,1.3152,20.1045,91.8132,71.7086,356.68,4.34,1.5,0.05,ok
DB0-m3_o1530_o15_f0_fsc.sym.2,5.0,298.15,0.7053,1.2255,19.3741,79.8802,60.5061,312.3,5.23,1.5,0.05,ok
DB1-Al2O6-ADC_B-fum_B_No47,5.0,298.15,0.719352,1.354,21.8315,77.3934,55.5619,254.5,6.74,1.5,0.05,ok
DB1-Al2O6-ADC_B-fum_B_No223,5.0,298.15,0.722966,1.354,21.9412,77.3934,55.4523,252.73,6.74,1.5,0.05,ok
DB0-m3_o150_o15_f0_fsc.sym.44,5.0,298.15,0.733467,1.405,23.0974,93.7363,70.6389,305.83,6.03,1.5,0.05,ok
DB1-Al2O6-ADC_B-fum_B_No149,5.0,298.15,0.738792,1.354,22.4215,77.3934,54.9719,245.18,6.74,1.5,0.05,ok
DB0-m3_o470_o15_f0_fsc.sym.17,5.0,298.15,0.741025,1.3522,22.4586,79.8964,57.4378,255.75,4.51,1.5,0.05,ok
DB1-Al2O6-ADC_B-fum_B_No97,5.0,298.15,0.743666,1.354,22.5694,77.3934,54.824,242.91,6.74,1.5,0.05,ok
DB0-m3_o45_o15_f0_fsc.sym.18,5.0,298.15,0.775207,1.3125,22.805,98.8133,76.0083,333.3,5.24,1.5,0.05,ok
DB0-m3_o47_o15_f0_fsc.sym.3,5.0,298.15,0.788534,1.3456,23.7833,87.604,63.8208,268.34,4.51,1.5,0.05,ok
DB0-m3_o490_o15_f0_fsc.sym.4,5.0,298.15,0.822842,1.433,26.4294,105.6432,79.2139,299.72,4.31,1.5,0.05,ok
DB0-m3_o1490_o15_f0_fsc.sym.18,5.0,298.15,0.823971,1.3897,25.6666,85.2293,59.5627,232.06,4.38,1.5,0.05,ok
DB0-m3_o490_o15_f0_fsc.sym.3,5.0,298.15,0.842949,1.3868,26.2018,107.0154,80.8136,308.43,4.29,1.5,0.05,ok
DB0-m3_o1520_o15_f0_fsc.sym.2,5.0,298.15,0.853576,1.2527,23.9665,83.9951,60.0286,250.47,5.25,1.5,0.05,ok
DB0-m3_o152_o15_f0_fsc.sym.2,5.0,298.15,0.879783,1.2569,24.7854,78.6431,53.8577,217.3,5.25,1.5,0.05,ok
DB0-m3_o1470_o15_f0_fsc.sym.3,5.0,298.15,0.95522,1.4365,30.7565,95.365,64.6086,210.07,4.32,1.5,0.05,ok
DB1-Al2O6-ADC_B-fum_B_No83,5.0,298.15,1.006958,1.3398,30.2389,77.5214,47.2825,156.36,6.74,1.5,0.05,ok
DB1-Al2O6-ADC_B-fum_B_No11,5.0,298.15,1.02417,1.3398,30.7558,77.5214,46.7656,152.05,6.74,1.5,0.05,ok
DB5-hypotheticalMOF_33053_0_0_2_0_25_3,10.0,298.15,0.011779,1.319,0.3482,120.5104,120.1622,34506.16,7.08,1.5,0.398,ok
DB1-AlO6-mofHTB_No11,10.0,298.15,0.016006,1.3985,0.5017,115.534,115.0323,22927.32,7.48,1.5,0.05,ok
DB0-m3_o1_o7_f0_nbo.sym.79,10.0,298.15,0.016512,1.0883,0.4028,125.3287,124.9259,31017.29,14.22,5.13,0.675,ok
DB0-m9_o2_o2_f0_sra.sym.42,10.0,298.15,0.01658,1.2345,0.4588,113.138,112.6792,24561.12,7.63,1.5,0.05,ok
DB1-AlO6-mof200_No4,10.0,298.15,0.017253,0.9144,0.3536,107.766,107.4124,30377.17,9.52,1.5,0.361,ok
DB12-EPONAA_clean,10.0,298.15,0.017294,0.4952,0.192,159.6776,159.4856,83080.82,8.14,1.95,0.77,ok
DB0-m9_o13_o20_f0_sra.sym.96,10.0,298.15,0.017472,1.1656,0.4565,110.8508,110.3943,24182.95,8.18,1.5,0.05,ok
DB0-m3_o25_o146_f0_fsc.sym.26,10.0,298.15,0.017654,1.0887,0.4308,122.5008,122.0699,28335.01,6.23,1.5,0.244,ok
DB1-AlO6-mofHTB_No12,10.0,298.15,0.017685,0.7877,0.3122,92.0111,91.6989,29369.49,7.48,1.5,0.314,ok
DB0-m2_o1_o9_f0_nbo.sym.104,10.0,298.15,0.018861,1.1558,0.4886,142.9785,142.4899,29161.25,7.51,3.86,0.548,ok
DB1-AlO6-ADC_A_No4,10.0,298.15,0.019035,0.5013,0.2139,102.2336,102.0197,47699.27,11.52,1.5,0.47,ok
DB0-m2_o24_o24_f0_nbo.sym.15,10.0,298.15,0.019133,0.6893,0.2956,120.4134,120.1178,40635.9,12.15,4.96,0.514,ok
DB5-hypotheticalMOF_5060248_2_1_2_12_12_0,10.0,298.15,0.019678,1.055,0.4653,154.4575,153.9922,33095.22,4.72,1.5,0.352,ok
DB0-m2_o10_kto,10.0,298.15,0.019863,0.6009,0.2675,121.1594,120.8919,45186.12,9.53,3.54,0.659,ok
DB5-hypotheticalMOF_5024843_2_0_0_27_16_1,10.0,298.15,0.036827,0.3672,0.3031,160.1061,159.803,52728.27,8.52,3.14,0.738,ok
DB0-m2_o14_o20_f0_nbo.sym.99,10.0,298.15,0.036827,0.4374,0.361,133.4169,133.0559,36854.35,12.26,4.79,0.648,ok
DB6-cuf_7523,10.0,298.15,0.036838,0.4828,0.3986,146.9437,146.545,36762.16,7.68,1.5,0.629,ok
DB7-ddmof_6678,10.0,298.15,0.036838,0.7205,0.5949,143.2856,142.6907,23984.99,13.18,4.32,0.556,ok
DB5-hypotheticalMOF_5018595_0_0_0_19_12_10,10.0,298.15,0.036843,0.4087,0.3375,145.0643,144.7268,42879.78,7.22,1.92,0.65,ok
DB5-hypotheticalMOF_5017164_2_0_0_19_25_6,10.0,298.15,0.036854,0.3094,0.2556,114.422,114.1664,44665.14,7.92,3.58,0.765,ok
DB0-m3_o9_o23_f0_nbo.sym.68,10.0,298.15,0.036854,0.541,0.4469,144.8311,144.3841,32306.67,8.89,5.11,0.55,ok
DB0-m2_o11_o28_f0_nbo.sym.55,10.0,298.15,0.036863,0.3494,0.2887,123.1935,122.9047,42568.45,18.62,5.05,0.701,ok
DB0-m2_o5_o27_f0_nbo.sym.12,10.0,298.15,0.036868,0.4734,0.3912,146.1577,145.7664,37258.71,15.32,3.67,0.636,ok
DB0-m3_o21_o26_f0_pcu.sym.2,10.0,298.15,0.036868,0.3614,0.2986,135.6186,135.32,45315.06,6.97,1.55,0.69,ok
DB0-m2_o11_o28_f0_nbo.sym.35,10.0,298.15,0.036869,0.2975,0.2458,104.9919,104.7461,42607.12,18.68,5.13,0.766,ok
DB0-m3_o2_o22_f0_pcu.sym.17,10.0,298.15,0.036871,0.7697,0.6361,103.8687,103.2326,16229.33,6.11,1.5,0.245,ok
DB0-m3_o6_o28_f0_pcu.sym.82,10.0,298.15,0.036876,0.3506,0.2898,133.0236,132.7339,45802.95,9.38,2.35,0.695,ok
DB15-pcu_N65_E225_opt,10.0,298.15,0.036885,0.3011,0.2489,114.3605,114.1116,45843.95,8.95,3.51,0.766,ok
DB0-m2_o14_o25_f0_nbo.sym.10,10.0,298.15,0.036888,0.4019,0.3323,147.0225,146.6902,44138.98,8.82,5.02,0.679,ok
DB1-Zn2O8N2-ADC_A-DPAC_A_No17,10.0,298.15,0.036902,0.3621,0.2995,133.6677,133.3682,44526.81,7.09,3.05,0.735,ok
DB1-Zn2O8N2-DPAC_A-irmof20_A_No541,10.0,298.15,0.036906,0.403,0.3334,149.9689,149.6356,44888.14,12.11,3.06,0.708,ok
DB7-ddmof_18374,10.0,298.15,0.036906,0.3047,0.252,103.9805,103.7285,41158.93,11.51,6.68,0.762,ok
DB0-m2_o11_o24_f0_pcu.sym.84,10.0,298.15,0.062298,0.9201,1.2848,109.9901,108.7054,8460.97,4.42,1.5,0.28,ok
DB1-Cu2O8N2-BDC_A-DPAC_A_No551,10.0,298.15,0.062321,0.8469,1.1831,124.691,123.5079,10439.74,11.23,1.5,0.407,ok
DB0-m3_o24_o52_f0_fsc.sym.14,10.0,298.15,0.062335,0.9981,1.3945,113.2292,111.8347,8019.7,6.01,1.5,0.258,ok
DB0-m2_o16_o29_f0_pcu.sym.3,10.0,298.15,0.062358,0.5225,0.7303,153.3025,152.5722,20892.28,11.0,1.5,0.508,ok
DB0-m3_o24_o52_f0_fsc.sym.1,10.0,298.15,0.062361,0.9117,1.2743,117.4113,116.137,9113.67,6.0,1.5,0.305,ok
DB0-m1_o41_o20_fsc,10.0,298.15,0.062363,0.6512,0.9102,133.2023,132.2921,14534.4,6.67,1.5,0.533,ok
DB0-m3_o93_o23_f0_fsc.sym.9,10.0,298.15,0.062378,0.935,1.3072,144.9865,143.6793,10991.03,5.68,1.5,0.216,ok
DB0-m3_o7_o15_f0_pcu.sym.35,10.0,298.15,0.062396,0.6937,0.9702,124.6575,123.6873,12748.76,7.12,1.5,0.435,ok
DB0-m2_o16_o28_f0_pcu.sym.104,10.0,298.15,0.062429,0.5797,0.8111,160.3638,159.5526,19670.18,9.34,1.5,0.479,ok
DB0-m3_o96_o23_f0_fsc.sym.8,10.0,298.15,0.062444,0.6157,0.8617,156.2901,155.4284,18036.91,6.4,1.65,0.475,ok
DB0-m3_o25_o115_f0_fsc.sym.41,10.0,298.15,0.062468,0.5915,0.8282,163.4881,162.66,19641.0,6.67,2.06,0.484,ok
DB5-hypotheticalMOF_5036689_1_1_1_18_24_0,10.0,298.15,0.062473,0.6254,0.8758,157.8055,156.9298,17919.37,6.8,2.17,0.489,ok
DB0-m9_o3_o25_f0_sra.sym.58,10.0,298.15,0.062497,0.751,1.0519,132.5604,131.5084,12501.48,10.66,1.5,0.299,ok
DB0-m2_o11_o18_f0_pcu.sym.6,10.0,298.15,0.062516,0.7199,1.0087,133.0594,132.0506,13091.12,6.38,1.5,0.392,ok
DB0-m3_o16_o43_f0_fsc.sym.16,10.0,298.15,0.199849,0.8433,3.7773,171.1989,167.4216,4432.28,6.02,1.5,0.313,ok
DB0-m3_o52_o13_f0_fsc.sym.4,10.0,298.15,0.199964,0.8585,3.8477,138.8959,135.0482,3509.82,6.03,1.5,0.267,ok
DB0-m3_o158_o151_f0_fsc.sym.42,10.0,298.15,0.200008,0.8274,3.7092,142.3662,138.6571,3738.21,7.75,1.5,0.285,ok
DB0-m3_o440_o158_f0_fsc.sym.53,10.0,298.15,0.200016,1.0774,4.8302,130.7935,125.9633,2607.85,5.38,1.5,0.154,ok
DB0-m3_o43_o155_f0_fsc.sym.37,10.0,298.15,0.200143,0.7663,3.4375,163.4005,159.963,4653.41,7.03,1.5,0.299,ok
DB5-hypotheticalMOF_5074449_0_0_2_23_10_12,10.0,298.15,0.20015,0.8741,3.9215,130.3379,126.4164,3223.66,6.82,1.5,0.088,ok
DB0-m3_o153_o159_f0_fsc.sym.5,10.0,298.15,0.200234,0.8805,3.9517,160.7941,156.8425,3969.01,5.36,1.5,0.233,ok
DB0-m3_o44_o158_f0_fsc.sym.38,10.0,298.15,0.200276,1.1106,4.9856,93.3963,88.4107,1773.34,5.43,1.5,0.05,ok
DB0-m3_o153_o13_f0_fsc.sym.7,10.0,298.15,0.200644,0.9662,4.3454,154.5403,150.1949,3456.41,5.22,1.5,0.266,ok
DB0-m3_o450_o158_f0_fsc.sym.95,10.0,298.15,0.200809,0.9982,4.4928,121.7792,117.2864,2610.52,5.36,1.5,0.088,ok
DB0-m3_o1520_o155_f0_fsc.sym.12,10.0,298.15,0.200875,0.769,3.4624,161.3986,157.9362,4561.44,7.02,1.5,0.341,ok
DB0-m2_o42_o150_f0_fsc,10.0,298.15,0.200997,0.8804,3.9663,154.9552,150.9888,3806.75,5.36,1.5,0.263,ok
DB0-m3_o148_o159_f0_fsc.sym.2,10.0,298.15,0.201201,0.9256,4.1741,156.5417,152.3675,3650.28,5.36,1.5,0.235,ok
DB0-m3_o153_o159_f0_fsc.sym.61,10.0,298.15,0.201245,0.9006,4.0623,152.8101,148.7478,3661.68,5.36,1.5,0.229,ok
DB0-m3_o18_o145_f0_fsc,10.0,298.15,0.201499,0.8459,3.8206,152.974,149.1534,3903.88,5.68,1.5,0.275,ok
DB0-m3_o25_o46_f0_fsc.sym.48,10.0,298.15,0.201659,1.3225,5.9776,129.9188,123.9412,2073.43,5.68,1.5,0.25,ok
DB0-m3_o25_o490_f0_fsc.sym.23,10.0,298.15,0.201985,0.9565,4.3305,145.9227,141.5922,3269.67,5.73,1.5,0.18,ok
DB0-m3_o155_o44_f0_fsc.sym.26,10.0,298.15,0.283264,0.8019,5.0914,137.4871,132.3957,2600.37,7.03,1.5,0.216,ok
DB0-m3_o49_o13_f0_fsc.sym.13,10.0,298.15,0.283387,1.1397,7.2392,120.8345,113.5953,1569.17,4.58,1.5,0.05,ok
DB0-m3_o4_o42_f0_fsc,10.0,298.15,0.283488,1.0678,6.7848,145.9227,139.1379,2050.74,4.4,1.5,0.188,ok
DB0-m3_o18_o1490_f0_fsc.sym.34,10.0,298.15,0.283614,0.9845,6.2583,145.3759,139.1175,2222.91,5.69,1.5,0.189,ok
DB0-m3_o1470_o159_f0_fsc.sym.48,10.0,298.15,0.283635,1.0122,6.4347,137.1923,130.7576,2032.08,5.37,1.5,0.14,ok
DB0-m3_o17_o1500_f0_fsc.sym.16,10.0,298.15,0.283723,0.8421,5.3552,124.3566,119.0015,2222.18,5.99,1.5,0.21,ok
DB0-m3_o46_o159_f0_fsc.sym.55,10.0,298.15,0.28377,1.0623,6.7567,138.301,131.5443,1946.87,5.36,1.5,0.171,ok
DB12-CUVGOQ_freeONLY,10.0,298.15,0.283835,1.0021,6.3753,96.8913,90.5161,1419.8,5.34,1.5,0.05,ok
DB5-hypotheticalMOF_29125_0_0_2_25_7_12,10.0,298.15,0.283894,1.0343,6.5814,115.6893,109.1079,1657.83,7.08,1.5,0.05,ok
DB0-m3_o1490_o158_f0_fsc.sym.18,10.0,298.15,0.283983,0.982,6.2506,136.2386,129.988,2079.61,5.36,1.5,0.162,ok
DB0-m3_o153_o155_f0_fsc.sym.77,10.0,298.15,0.284084,0.8185,5.2121,154.8721,149.6601,2871.42,7.02,1.5,0.292,ok
DB0-m3_o1480_o159_f0_fsc.sym.70,10.0,298.15,0.28419,1.0838,6.9036,138.8959,131.9923,1911.94,5.38,1.5,0.095,ok
DB0-m3_o81_o22_f0_fsc.sym.3,10.0,298.15,0.28424,1.3493,8.5962,126.7158,118.1196,1374.09,5.9,1.5,0.05,ok
DB0-m3_o1520_o155_f0_fsc.sym.2,10.0,298.15,0.284513,0.8678,5.5339,153.1382,147.6043,2667.27,7.01,1.5,0.19,ok
DB0-m3_o160_o49_f0_fsc.sym.22,10.0,298.15,0.284543,1.0151,6.474,150.8562,144.3822,2230.2,5.36,1.5,0.162,ok
DB0-m3_o13_o510_f0_fsc.sym.67,10.0,298.15,0.284571,1.0928,6.9705,104.0085,97.038,1392.13,5.25,1.5,0.098,ok
DB0-m3_o152_o18_f0_fsc.sym.11,10.0,298.15,0.284684,0.9605,6.1287,139.4185,133.2898,2174.83,5.63,1.5,0.147,ok
DB0-m3_o152_o155_f0_fsc.sym.8,10.0,298.15,0.284684,0.8367,5.3387,154.4575,149.1188,2793.16,7.01,1.5,0.2,ok
DB12-DONNEA_freeONLY,10.0,298.15,0.284704,1.2349,7.8805,98.4948,90.6143,1149.86,4.42,1.5,0.105,ok
DB0-m3_o1530_o156_f0_fsc.sym.87,10.0,298.15,0.284855,0.878,5.6058,157.5519,151.9462,2710.54,6.99,1.5,0.214,ok
DB0-m3_o1490_o155_f0_fsc.sym.63,10.0,298.15,0.284947,0.9091,5.8063,151.6673,145.861,2512.14,7.02,1.5,0.197,ok
DB0-m3_o160_o147_f0_fsc.sym.25,10.0,298.15,0.285261,1.0158,6.4948,147.1803,140.6855,2166.12,5.36,1.5,0.143,ok
DB0-m3_o48_o159_f0_fsc.sym.64,10.0,298.15,0.285315,1.0399,6.65,141.4527,134.8027,2027.11,5.36,1.5,0.131,ok
DB0-m3_o152_o156_f0_fsc.sym.29,10.0,298.15,0.285407,0.8033,5.1391,166.1379,160.9988,3132.84,6.99,1.5,0.282,ok
DB0-m3_o43_o156_f0_fsc.sym.90,10.0,298.15,0.28566,0.7549,4.8337,155.2878,150.4541,3112.59,6.99,1.5,0.291,ok
DB0-m3_o156_o45_f0_fsc.sym.32,10.0,298.15,0.285661,0.8218,5.2621,144.3657,139.1036,2643.5,7.01,1.5,0.242,ok
DB0-m3_o24_o82_f0_fsc.sym.40,10.0,298.15,0.285675,1.45,9.2846,95.3137,86.0291,926.58,5.35,1.5,0.05,ok
DB0-m3_o153_o158_f0_fsc.sym.85,10.0,298.15,0.285716,0.9513,6.0919,118.9988,112.9069,1853.4,5.35,1.5,0.175,ok
DB0-m3_o480_o158_f0_fsc.sym.11,10.0,298.15,0.285724,1.0395,6.6571,144.5982,137.941,2072.08,5.34,1.5,0.168,ok
DB0-m3_o156_o510_f0_fsc.sym.5,10.0,298.15,0.285742,0.8487,5.4356,157.2988,151.8632,2793.87,7.01,1.5,0.322,ok
DB0-m3_o158_o47_f0_fsc.sym.15,10.0,298.15,0.28585,0.991,6.3491,144.0563,137.7072,2168.93,5.37,1.5,0.193,ok
DB0-m3_o16_o45_f0_fsc.sym.73,10.0,298.15,0.285891,1.0269,6.5805,156.2901,149.7096,2275.06,5.11,1.5,0.165,ok
DB0-m3_o147_o156_f0_fsc.sym.3,10.0,298.15,0.285894,1.0222,6.5503,131.3563,124.806,1905.35,7.02,1.5,0.071,ok
DB0-m3_o1490_o155_f0_fsc.sym.31,10.0,298.15,0.357529,0.9232,7.3985,140.9225,133.524,1804.73,7.03,1.5,0.152,ok
DB0-m3_o51_o4_f0_fsc.sym.35,10.0,298.15,0.357549,1.1064,8.8668,101.5895,92.7227,1045.74,5.22,1.5,0.083,ok
DB0-m3_o490_o158_f0_fsc.sym.34,10.0,298.15,0.357551,1.2112,9.7071,101.1532,91.4461,942.06,5.38,1.5,0.05,ok
DB5-hypotheticalMOF_35592_0_0_2_14_2_4,10.0,298.15,0.357568,1.0725,8.5957,135.1827,126.587,1472.68,5.34,1.5,0.236,ok
DB0-m3_o42_o155_f0_fsc.sym.11,10.0,298.15,0.357578,0.9478,7.5963,130.233,122.6368,1614.44,7.13,1.5,0.075,ok
DB0-m3_o24_o147_f0_fsc.sym.34,10.0,298.15,0.357689,1.3447,10.781,95.3137,84.5327,784.09,4.35,1.5,0.05,ok
DB0-m3_o1490_o156_f0_fsc.sym.8,10.0,298.15,0.357747,0.9338,7.4878,148.3691,140.8812,1881.47,7.0,1.5,0.201,ok
DB0-m3_o1520_o156_f0_fsc.sym.69,10.0,298.15,0.357939,0.8609,6.9072,151.9929,145.0857,2100.49,6.99,1.5,0.241,ok
DB0-m3_o153_o4_f0_fsc.sym.38,10.0,298.15,0.357997,1.1388,9.1376,120.5752,111.4375,1219.55,5.21,1.5,0.123,ok
DB0-m3_o16_o51_f0_fsc.sym.72,10.0,298.15,0.358001,1.0007,8.0297,105.6717,97.6419,1216.01,5.27,1.5,0.079,ok
DB0-m3_o48_o156_f0_fsc.sym.9,10.0,298.15,0.358051,0.9149,7.3426,160.4498,153.1072,2085.2,6.98,1.5,0.208,ok
DB0-m3_o155_o45_f0_fsc.sym.28,10.0,298.15,0.358318,0.8933,7.1744,131.8508,124.6764,1737.8,7.04,1.5,0.11,ok
DB0-m3_o1490_o156_f0_fsc.sym.19,10.0,298.15,0.358866,1.0643,8.5607,151.7486,143.1879,1672.61,6.99,1.5,0.196,ok
DB0-m3_o153_o158_f0_fsc.sym.17,10.0,298.15,0.358988,0.9519,7.6597,130.7584,123.0987,1607.1,5.36,1.5,0.1,ok
DB1-Al2O6-ADC_B-BDC_B_No351,10.0,298.15,0.359207,1.114,8.9691,97.3618,88.3927,985.52,8.29,1.5,0.05,ok
DB0-m3_o1480_o156_f0_fsc.sym.23,10.0,298.15,0.359229,0.9835,7.9186,151.2612,143.3426,1810.2,6.99,1.5,0.207,ok
DB0-m3_o1480_o156_f0_fsc.sym.20,10.0,298.15,0.359334,1.0305,8.3001,143.7475,135.4474,1631.88,7.0,1.5,0.194,ok
DB0-m3_o113_o22_f0_fsc.sym.17,10.0,298.15,0.359702,1.429,11.5209,114.9767,103.4558,897.98,4.95,1.5,0.05,ok
DB0-m3_o500_o156_f0_fsc.sym.22,10.0,298.15,0.359719,0.9169,7.393,152.5645,145.1715,1963.64,6.99,1.5,0.188,ok
DB0-m3_o1490_o156_f0_fsc.sym.13,10.0,298.15,0.359747,0.9197,7.4161,154.7891,147.373,1987.21,7.01,1.5,0.184,ok
DB0-m3_o1_o153_f0_fsc.sym.41,10.0,298.15,0.359821,1.0861,8.7596,115.1931,106.4335,1215.04,5.21,1.5,0.085,ok
DB0-m3_o51_o4_f0_fsc.sym.2,10.0,298.15,0.359841,0.975,7.8642,119.0627,111.1985,1413.99,5.23,1.5,0.204,ok
DB0-m3_o16_o147_f0_fsc.sym.10,10.0,298.15,0.359931,1.1302,9.1176,130.548,121.4305,1331.83,4.87,1.5,0.088,ok
DB0-m3_o18_o47_f0_fsc.sym.16,10.0,298.15,0.36002,1.1744,9.4769,126.41,116.9331,1233.87,5.63,1.5,0.097,ok
DB0-m3_o490_o22_f0_fsc.sym.1,10.0,298.15,0.360111,1.2385,9.9968,113.7171,103.7203,1037.54,4.29,1.5,0.05,ok
DB0-m3_o18_o51_f0_fsc.sym.30,10.0,298.15,0.360135,1.0138,8.1833,133.4527,125.2694,1530.79,5.81,1.5,0.134,ok
DB0-m15_o14_o97_f0_fsc,10.0,298.15,0.360394,1.1306,9.1328,121.9756,112.8428,1235.58,6.27,1.5,0.058,ok
DB0-m3_o1520_o156_f0_fsc.sym.13,10.0,298.15,0.360552,0.8766,7.0842,144.0563,136.9721,1933.49,7.0,1.5,0.158,ok
DB0-m3_o81_o4_f0_fsc.sym.1,10.0,298.15,0.360737,1.1792,9.5348,117.3482,107.8135,1130.74,5.89,1.5,0.054,ok
DB0-m3_o156_o150_f0_fsc.sym.104,10.0,298.15,0.360946,0.8677,7.0198,159.0795,152.0597,2166.16,6.99,1.5,0.196,ok
DB0-m3_o16_o150_f0_fsc.sym.96,10.0,298.15,0.360973,0.9269,7.4997,129.675,122.1753,1629.07,6.03,1.5,0.133,ok
DB0-m3_o156_o150_f0_fsc.sym.64,10.0,298.15,0.361163,0.7947,6.4333,144.2109,137.7776,2141.62,7.0,1.5,0.234,ok
DB0-m3_o16_o1530_f0_fsc.sym.37,10.0,298.15,0.361171,1.0554,8.5439,127.809,119.265,1395.9,5.2,1.5,0.096,ok
DB0-m3_o490_o155_f0_fsc.sym.33,10.0,298.15,0.361273,0.9734,7.8825,122.0083,114.1258,1447.84,7.03,1.5,0.078,ok
DB1-Al2O6-ADC_B-BDC_B_No167,10.0,298.15,0.361307,1.114,9.0215,97.3618,88.3402,979.22,8.29,1.5,0.05,ok
DB0-m3_o460_o14_f0_fsc.sym.19,10.0,298.15,1.163099,1.4241,37.1261,95.9185,58.7923,158.36,3.72,1.5,0.05,ok
DB0-m3_o51_o15_f0_fsc.sym.14,10.0,298.15,1.176938,1.4597,38.5056,91.4677,52.9621,137.54,5.27,1.5,0.05,ok
DB0-m3_o45_o15_f0_fsc.sym.3,10.0,298.15,1.183004,1.1934,31.6442,105.9846,74.3405,234.93,5.21,1.5,0.05,ok
DB0-m3_o152_o15_f0_fsc.sym.22,10.0,298.15,1.19052,1.287,34.3433,108.3761,74.0328,215.57,5.21,1.5,0.05,ok
DB12-MIMVEJ_freeONLY,10.0,298.15,1.202841,1.3041,35.1596,95.0575,59.8979,170.36,6.2,1.5,0.05,ok
DB12-MIMVEJ_clean,10.0,298.15,1.205441,1.3041,35.2357,95.0575,59.8218,169.78,6.2,1.5,0.05,ok
DB0-m3_o1490_o15_f0_fsc.sym.2,10.0,298.15,1.210615,1.3569,36.8201,96.7741,59.954,162.83,4.3,1.5,0.05,ok
DB0-m3_o51_o15_f0_fsc.sym.3,10.0,298.15,1.215975,1.1702,31.8948,100.2458,68.351,214.3,5.26,1.5,0.05,ok
DB0-m3_o153_o14_f0_fsc.sym.62,10.0,298.15,1.218459,1.2789,34.927,92.1475,57.2204,163.83,5.21,1.5,0.05,ok
DB0-m3_o1480_o15_f0_fsc.sym.16,10.0,298.15,1.241476,1.3447,37.4171,96.631,59.2138,158.25,4.3,1.5,0.05,ok
DB5-hypotheticalMOF_36346_0_0_2_16_2_12,10.0,298.15,1.244383,1.1895,33.1762,103.6176,70.4414,212.33,5.94,1.5,0.05,ok
DB0-m3_o1480_o15_f0_fsc.sym.17,10.0,298.15,1.259484,1.318,37.2083,97.3225,60.1142,161.56,4.3,1.5,0.05,ok
DB0-m3_o152_o15_f0_fsc.sym.16,10.0,298.15,1.263274,1.3562,38.4005,88.8218,50.4213,131.3,5.21,1.5,0.05,ok
DB0-m3_o45_o15_f0_fsc.sym.26,10.0,298.15,1.275869,1.3735,39.2774,98.2962,59.0188,150.26,5.1,1.5,0.05,ok
DB0-m3_o1490_o15_f0_fsc.sym.15,10.0,298.15,1.297713,1.4236,41.4071,92.6201,51.213,123.68,4.29,1.5,0.05,ok
DB0-m3_o1480_o15_f0_fsc.sym.21,10.0,298.15,1.328963,1.5359,45.7504,94.968,49.2176,107.58,4.29,1.5,0.05,ok
DB0-m3_o1490_o15_f0_fsc.sym.3,10.0,298.15,1.333851,1.3408,40.0845,94.0269,53.9424,134.57,4.3,1.5,0.05,ok
DB0-m3_o47_o15_f0_fsc.sym.22,10.0,298.15,1.343039,1.3342,40.1619,93.4717,53.3099,132.74,4.52,1.5,0.05,ok
DB0-m3_o44_o15_f0_fsc.sym.16,10.0,298.15,1.357833,1.2528,38.1274,96.1769,58.0496,152.25,5.43,1.5,0.05,ok
DB0-m3_o49_o14_f0_fsc.sym.2,10.0,298.15,1.364042,1.3152,40.2091,96.164,55.9549,139.16,4.34,1.5,0.05,ok
DB0-m3_o1530_o15_f0_fsc.sym.2,10.0,298.15,1.4106,1.2255,38.7482,84.9655,46.2173,119.28,5.23,1.5,0.05,ok
DB1-Al2O6-ADC_B-fum_B_No47,10.0,298.15,1.438703,1.354,43.663,84.1282,40.4652,92.68,6.74,1.5,0.05,ok
DB1-Al2O6-ADC_B-fum_B_No223,10.0,298.15,1.445931,1.354,43.8823,84.1282,40.2459,91.71,6.74,1.5,0.05,ok
DB0-m3_o150_o15_f0_fsc.sym.44,10.0,298.15,1.466934,1.405,46.1949,97.5847,51.3899,111.25,6.03,1.5,0.05,ok
DB1-Al2O6-ADC_B-fum_B_No149,10.0,298.15,1.477584,1.354,44.843,84.1282,39.2852,87.61,6.74,1.5,0.05,ok
DB0-m3_o470_o15_f0_fsc.sym.17,10.0,298.15,1.48205,1.3522,44.9171,84.8912,39.974,89.0,4.51,1.5,0.05,ok
DB1-Al2O6-ADC_B-fum_B_No97,10.0,298.15,1.487332,1.354,45.1388,84.1282,38.9894,86.38,6.74,1.5,0.05,ok
DB0-m3_o45_o15_f0_fsc.sym.18,10.0,298.15,1.550414,1.3125,45.61,103.8408,58.2308,127.67,5.24,1.5,0.05,ok
DB0-m3_o47_o15_f0_fsc.sym.3,10.0,298.15,1.577067,1.3456,47.5665,93.5346,45.9681,96.64,4.51,1.5,0.05,ok
DB0-m3_o490_o15_f0_fsc.sym.4,10.0,298.15,1.645684,1.433,52.8588,112.1994,59.3407,112.26,4.31,1.5,0.05,ok
DB0-m3_o1490_o15_f0_fsc.sym.18,10.0,298.15,1.647941,1.3897,51.3331,89.9109,38.5778,75.15,4.38,1.5,0.05,ok
DB0-m3_o490_o15_f0_fsc.sym.3,10.0,298.15,1.685898,1.3868,52.4037,111.2387,58.8351,112.27,4.29,1.5,0.05,ok
DB0-m3_o1520_o15_f0_fsc.sym.2,10.0,298.15,1.707152,1.2527,47.933,90.4147,42.4817,88.63,5.25,1.5,0.05,ok
DB0-m3_o152_o15_f0_fsc.sym.2,10.0,298.15,1.759566,1.2569,49.5709,83.738,34.1671,68.93,5.25,1.5,0.05,ok
DB0-m3_o1470_o15_f0_fsc.sym.3,10.0,298.15,1.910441,1.4365,61.5129,99.8421,38.3292,62.31,4.32,1.5,0.05,ok
DB1-Al2O6-ADC_B-fum_B_No83,10.0,298.15,2.013916,1.3398,60.4778,81.2749,20.797,34.39,6.74,1.5,0.05,ok
DB1-Al2O6-ADC_B-fum_B_No11,10.0,298.15,2.04834,1.3398,61.5116,81.2749,19.7633,32.13,6.74,1.5,0.05,ok
