cif,pressure_bar,temperature_K,pred,target,abs_error
tobmof-9624,0.7781513,298.0,26.690945468084912,28.0,1.3090545319150877
tobmof-9624,1.1230719,298.0,108.18179197079645,73.0,35.18179197079645
tobmof-9624,1.4679927,298.0,119.67858622127667,118.0,1.6785862212766745
tobmof-9624,1.8129133,298.0,167.31327679816252,163.0,4.313276798162519
tobmof-9624,1.8752756,298.0,181.69903614569063,176.3333282470703,5.365707898620315
tobmof-9624,1.9376378,298.0,196.81716025515985,189.6666717529297,7.150488502230161
tobmof-9624,2.0,298.0,208.8198550305711,203.0,5.819855030571091
tobmof-12224,0.7781513,298.0,16.946276006569352,16.0,0.9462760065693523
tobmof-12224,1.1230719,298.0,105.64422013977027,54.0,51.64422013977027
tobmof-12224,1.4679927,298.0,93.73373004573064,92.0,1.7337300457306384
tobmof-12224,1.8129133,298.0,132.2911884132334,130.0,2.2911884132334137
tobmof-12224,1.8752756,298.0,147.49749540551886,145.6666717529297,1.8308236525891743
tobmof-12224,1.9376378,298.0,165.21054760796792,161.3333282470703,3.8772193608976124
tobmof-12224,2.0,298.0,182.31846442249557,177.0,5.318464422495566
tobmof-10539,0.7781513,298.0,9.024796702372761,9.0,0.024796702372761104
tobmof-10539,1.1230719,298.0,62.743787308096096,36.0,26.743787308096096
tobmof-10539,1.4679927,298.0,64.27988181579394,63.0,1.2798818157939422
tobmof-10539,1.8129133,298.0,93.41041641374734,90.0,3.410416413747342
tobmof-10539,1.8752756,298.0,107.01962892796529,105.0,2.019628927965286
tobmof-10539,1.9376378,298.0,122.28810534582573,120.0,2.288105345825727
tobmof-10539,2.0,298.0,139.2044824687483,135.0,4.204482468748296
tobmof-3001,0.7781513,298.0,14.820685877617636,14.0,0.8206858776176365
tobmof-3001,1.1230719,298.0,108.38314063977543,50.66666793823242,57.71647270154301
tobmof-3001,1.4679927,298.0,93.81452784629228,87.33333587646484,6.481191969827435
tobmof-3001,1.8129133,298.0,133.05316081850603,124.0,9.05316081850603
tobmof-3001,1.8752756,298.0,149.766263821132,140.0,9.766263821131986
tobmof-3001,1.9376378,298.0,167.9656565244913,156.0,11.965656524491294
tobmof-3001,2.0,298.0,185.14716825095942,172.0,13.147168250959425
tobmof-2509,0.7781513,298.0,18.45360538153945,18.0,0.4536053815394503
tobmof-2509,1.1230719,298.0,122.20578626190694,64.0,58.20578626190694
tobmof-2509,1.4679927,298.0,112.21663119448186,110.0,2.216631194481863
tobmof-2509,1.8129133,298.0,159.15346057307875,156.0,3.153460573078746
tobmof-2509,1.8752756,298.0,177.0350500895381,171.6666717529297,5.3683783366084015
tobmof-2509,1.9376378,298.0,194.68477446093385,187.3333282470703,7.3514462138635395
tobmof-2509,2.0,298.0,210.87094974601686,203.0,7.870949746016862
tobmof-2141,0.7781513,298.0,11.50823210285416,10.0,1.5082321028541603
tobmof-2141,1.1230719,298.0,92.04291073772735,41.0,51.042910737727354
tobmof-2141,1.4679927,298.0,82.22834645995688,72.0,10.228346459956882
tobmof-2141,1.8129133,298.0,119.69735451868219,103.0,16.69735451868219
tobmof-2141,1.8752756,298.0,134.85917026561458,120.33333587646484,14.525834389149736
tobmof-2141,1.9376378,298.0,152.45347793600436,137.6666717529297,14.786806183074674
tobmof-2141,2.0,298.0,171.02323112700623,155.0,16.023231127006227
tobmof-12665,0.7781513,298.0,13.88751500628965,13.0,0.8875150062896502
tobmof-12665,1.1230719,298.0,76.49725347022101,48.33333206176758,28.163921408453433
tobmof-12665,1.4679927,298.0,85.55446202841436,83.66666412353516,1.887797904879207
tobmof-12665,1.8129133,298.0,121.68314874480619,119.0,2.6831487448061893
tobmof-12665,1.8752756,298.0,136.67806882304708,133.3333282470703,3.344740575976772
tobmof-12665,1.9376378,298.0,153.38652306717083,147.6666717529297,5.71985131424114
tobmof-12665,2.0,298.0,167.83599084694444,162.0,5.835990846944441
tobmof-11971,0.7781513,298.0,12.548745008927913,13.0,0.4512549910720871
tobmof-11971,1.1230719,298.0,88.45923544190806,50.33333206176758,38.125903380140485
tobmof-11971,1.4679927,298.0,83.84298706338812,87.66666412353516,3.823677060147034
tobmof-11971,1.8129133,298.0,118.85835286010835,125.0,6.141647139891646
tobmof-11971,1.8752756,298.0,133.96759415143035,140.6666717529297,6.69907760149934
tobmof-11971,1.9376378,298.0,151.81016623478033,156.3333282470703,4.523162012289987
tobmof-11971,2.0,298.0,170.43876962192584,172.0,1.561230378074157
tobmof-7941,0.7781513,298.0,37.910599038942806,39.0,1.0894009610571942
tobmof-7941,1.1230719,298.0,118.89396880652276,94.66666412353516,24.227304682987608
tobmof-7941,1.4679927,298.0,132.28542467559114,150.3333282470703,18.047903571479168
tobmof-7941,1.8129133,298.0,182.22196904013774,206.0,23.778030959862264
tobmof-7941,1.8752756,298.0,192.76337281099413,216.0,23.236627189005873
tobmof-7941,1.9376378,298.0,205.91303928677684,226.0,20.086960713223164
tobmof-7941,2.0,298.0,214.24333568129202,236.0,21.756664318707976
tobmof-11705,0.7781513,298.0,17.363859754094417,17.0,0.36385975409441684
tobmof-11705,1.1230719,298.0,107.65024959150378,57.33333206176758,50.3169175297362
tobmof-11705,1.4679927,298.0,100.75739161630489,97.66666412353516,3.09072749276973
tobmof-11705,1.8129133,298.0,141.30392077369737,138.0,3.303920773697371
tobmof-11705,1.8752756,298.0,157.71323177339661,153.0,4.713231773396615
tobmof-11705,1.9376378,298.0,174.6852704319113,168.0,6.685270431911306
tobmof-11705,2.0,298.0,192.38539642766668,183.0,9.385396427666677
tobmof-8655,0.7781513,298.0,24.203869689522996,47.0,22.796130310477004
tobmof-8655,1.1230719,298.0,101.57732219008334,103.66666412353516,2.08934193345182
tobmof-8655,1.4679927,298.0,111.5266548575407,160.3333282470703,48.80667338952961
tobmof-8655,1.8129133,298.0,157.02651520139202,217.0,59.973484798607984
tobmof-8655,1.8752756,298.0,171.88459385742576,226.6666717529297,54.78207789550393
tobmof-8655,1.9376378,298.0,187.03237632293457,236.3333282470703,49.300951924135745
tobmof-8655,2.0,298.0,200.64879686952662,246.0,45.35120313047338
tobmof-5536,0.7781513,298.0,35.94392917154393,34.0,1.9439291715439282
tobmof-5536,1.1230719,298.0,157.8944611513461,92.0,65.89446115134609
tobmof-5536,1.4679927,298.0,149.73962923484603,150.0,0.26037076515396507
tobmof-5536,1.8129133,298.0,206.20943264680355,208.0,1.790567353196451
tobmof-5536,1.8752756,298.0,218.23389502949166,219.3333282470703,1.0994332175786496
tobmof-5536,1.9376378,298.0,229.03977538000717,230.6666717529297,1.6268963729225163
tobmof-5536,2.0,298.0,239.20006290982835,242.0,2.799937090171653
tobmof-10683,0.7781513,298.0,9.236377751160623,9.0,0.23637775116062265
tobmof-10683,1.1230719,298.0,63.489405482955064,37.66666793823242,25.822737544722642
tobmof-10683,1.4679927,298.0,66.44967430581524,66.33333587646484,0.1163384293503924
tobmof-10683,1.8129133,298.0,96.40868079373067,95.0,1.4086807937306673
tobmof-10683,1.8752756,298.0,110.31831919205392,110.66666412353516,0.34834493148123613
tobmof-10683,1.9376378,298.0,126.5418897351084,126.33333587646484,0.2085538586435547
tobmof-10683,2.0,298.0,143.18747970918537,142.0,1.187479709185368
tobmof-10628,0.7781513,298.0,9.64596334806959,10.0,0.3540366519304108
tobmof-10628,1.1230719,298.0,67.85194911974908,39.0,28.85194911974908
tobmof-10628,1.4679927,298.0,69.24323010753179,68.0,1.2432301075317866
tobmof-10628,1.8129133,298.0,100.00081152937497,97.0,3.000811529374971
tobmof-10628,1.8752756,298.0,113.85287431174362,112.0,1.8528743117436193
tobmof-10628,1.9376378,298.0,130.21544269425652,127.0,3.2154426942565237
tobmof-10628,2.0,298.0,147.77308018425256,142.0,5.773080184252564
tobmof-11799,0.7781513,298.0,16.84472639205282,15.0,1.84472639205282
tobmof-11799,1.1230719,298.0,101.71012597375912,52.33333206176758,49.37679391199154
tobmof-11799,1.4679927,298.0,93.41741380433403,89.66666412353516,3.750749680798876
tobmof-11799,1.8129133,298.0,131.0280781825201,127.0,4.02807818252009
tobmof-11799,1.8752756,298.0,146.45871219432928,141.6666717529297,4.7920404413995925
tobmof-11799,1.9376378,298.0,163.9798908609899,156.3333282470703,7.646562613919599
tobmof-11799,2.0,298.0,181.04214729224827,171.0,10.042147292248274
tobmof-2042,0.7781513,298.0,16.32553288293154,16.0,0.32553288293154026
tobmof-2042,1.1230719,298.0,118.2447778450581,58.0,60.244777845058096
tobmof-2042,1.4679927,298.0,105.18078525979008,100.0,5.180785259790085
tobmof-2042,1.8129133,298.0,150.94507960092588,142.0,8.94507960092588
tobmof-2042,1.8752756,298.0,168.5004153269926,159.3333282470703,9.167087079922283
tobmof-2042,1.9376378,298.0,187.81856663493457,176.6666717529297,11.151894882004882
tobmof-2042,2.0,298.0,202.51529513077114,194.0,8.515295130771136
tobmof-2307,0.7781513,298.0,26.26359179786974,27.0,0.73640820213026
tobmof-2307,1.1230719,298.0,151.45139574891888,82.0,69.45139574891888
tobmof-2307,1.4679927,298.0,139.82622388453473,137.0,2.826223884534727
tobmof-2307,1.8129133,298.0,195.97986022517128,192.0,3.9798602251712794
tobmof-2307,1.8752756,298.0,213.06593285736352,206.6666717529297,6.399261104433833
tobmof-2307,1.9376378,298.0,225.08834936756233,221.3333282470703,3.7550211204920174
tobmof-2307,2.0,298.0,235.39395345225267,236.0,0.6060465477473258
tobmof-7271,0.7781513,298.0,14.614833458922336,13.0,1.6148334589223357
tobmof-7271,1.1230719,298.0,105.65624559177638,51.0,54.65624559177638
tobmof-7271,1.4679927,298.0,95.24346131689661,89.0,6.243461316896614
tobmof-7271,1.8129133,298.0,135.3526466910023,127.0,8.352646691002292
tobmof-7271,1.8752756,298.0,152.64039004953204,143.6666717529297,8.973718296602357
tobmof-7271,1.9376378,298.0,172.2667405291366,160.3333282470703,11.933412282066286
tobmof-7271,2.0,298.0,189.7937827207782,177.0,12.79378272077821
tobmof-8924,0.7781513,298.0,50.00257904919446,44.0,6.002579049194459
tobmof-8924,1.1230719,298.0,171.61235653446346,97.33333587646484,74.27902065799861
tobmof-8924,1.4679927,298.0,162.1318531499859,150.6666717529297,11.465181397056199
tobmof-8924,1.8129133,298.0,218.33525022105053,204.0,14.33525022105053
tobmof-8924,1.8752756,298.0,226.11736521357545,214.6666717529297,11.450693460645766
tobmof-8924,1.9376378,298.0,236.29464302661447,225.3333282470703,10.961314779544153
tobmof-8924,2.0,298.0,245.31534233308898,236.0,9.315342333088978
tobmof-10573,0.7781513,298.0,12.766497266325807,13.0,0.23350273367419305
tobmof-10573,1.1230719,298.0,90.82747122435305,49.0,41.82747122435305
tobmof-10573,1.4679927,298.0,87.2423533228317,85.0,2.242353322831704
tobmof-10573,1.8129133,298.0,123.60172444845435,121.0,2.6017244484543482
tobmof-10573,1.8752756,298.0,139.71268080640462,138.3333282470703,1.3793525593343077
tobmof-10573,1.9376378,298.0,158.1439041124098,155.6666717529297,2.4772323594801264
tobmof-10573,2.0,298.0,177.59256649880845,173.0,4.592566498808452
tobmof-8149,0.7781513,298.0,8.659643875302457,9.0,0.34035612469754284
tobmof-8149,1.1230719,298.0,57.78418497605417,36.0,21.78418497605417
tobmof-8149,1.4679927,298.0,59.765038368397235,63.0,3.234961631602765
tobmof-8149,1.8129133,298.0,86.97297525264494,90.0,3.027024747355057
tobmof-8149,1.8752756,298.0,100.23993462168207,104.66666412353516,4.426729501853089
tobmof-8149,1.9376378,298.0,114.45962760304296,119.33333587646484,4.873708273421883
tobmof-8149,2.0,298.0,132.35838250893352,134.0,1.6416174910664836
tobmof-1681,0.7781513,298.0,12.92448442144513,11.0,1.9244844214451309
tobmof-1681,1.1230719,298.0,99.2728384722797,48.0,51.2728384722797
tobmof-1681,1.4679927,298.0,90.8823272950283,85.0,5.882327295028304
tobmof-1681,1.8129133,298.0,130.8011143374384,122.0,8.801114337438406
tobmof-1681,1.8752756,298.0,147.0559633067078,139.3333282470703,7.722635059637497
tobmof-1681,1.9376378,298.0,166.14987533798717,156.6666717529297,9.483203585057481
tobmof-1681,2.0,298.0,186.93712696294833,174.0,12.937126962948327
tobmof-9819,0.7781513,298.0,20.97828836060479,20.0,0.9782883606047896
tobmof-9819,1.1230719,298.0,139.06576290362847,67.66666412353516,71.39909878009331
tobmof-9819,1.4679927,298.0,118.03050456772313,115.33333587646484,2.697168691258284
tobmof-9819,1.8129133,298.0,168.71751171903503,163.0,5.717511719035031
tobmof-9819,1.8752756,298.0,186.43144784078245,178.0,8.431447840782454
tobmof-9819,1.9376378,298.0,203.21362542683542,193.0,10.21362542683542
tobmof-9819,2.0,298.0,217.09233313703638,208.0,9.092333137036377
tobmof-5450,0.7781513,298.0,45.081930733058186,41.0,4.081930733058186
tobmof-5450,1.1230719,298.0,162.53474981165257,99.66666412353516,62.86808568811742
tobmof-5450,1.4679927,298.0,159.3492321220001,158.3333282470703,1.0159038749297906
tobmof-5450,1.8129133,298.0,215.26957821514102,217.0,1.7304217848589758
tobmof-5450,1.8752756,298.0,225.06906150951545,226.3333282470703,1.2642667375548626
tobmof-5450,1.9376378,298.0,234.7771176491381,235.6666717529297,0.8895541037915962
tobmof-5450,2.0,298.0,245.1676455530593,245.0,0.16764555305928752
tobmof-2100,0.7781513,298.0,13.198870765541386,12.0,1.1988707655413862
tobmof-2100,1.1230719,298.0,102.32893432600017,46.66666793823242,55.662266387767744
tobmof-2100,1.4679927,298.0,90.63159300861156,81.33333587646484,9.298257132146716
tobmof-2100,1.8129133,298.0,130.28109524268555,116.0,14.281095242685552
tobmof-2100,1.8752756,298.0,146.62671602257979,132.3333282470703,14.293387775509473
tobmof-2100,1.9376378,298.0,165.82515935645347,148.6666717529297,17.15848760352378
tobmof-2100,2.0,298.0,183.35466820064457,165.0,18.354668200644568
tobmof-6143,0.7781513,298.0,25.371063090742275,22.0,3.3710630907422754
tobmof-6143,1.1230719,298.0,171.95217198286073,79.66666412353516,92.28550785932558
tobmof-6143,1.4679927,298.0,144.33744272300893,137.3333282470703,7.004114475938621
tobmof-6143,1.8129133,298.0,202.85702935186896,195.0,7.85702935186896
tobmof-6143,1.8752756,298.0,220.4999729817599,209.3333282470703,11.166644734689584
tobmof-6143,1.9376378,298.0,233.07061177509888,223.6666717529297,9.403940022169195
tobmof-6143,2.0,298.0,240.35252971975007,238.0,2.3525297197500663
tobmof-8631,0.7781513,298.0,18.456558116183082,36.0,17.543441883816918
tobmof-8631,1.1230719,298.0,89.73606714161619,92.0,2.2639328583838108
tobmof-8631,1.4679927,298.0,98.4000686149824,148.0,49.5999313850176
tobmof-8631,1.8129133,298.0,139.27080616109285,204.0,64.72919383890715
tobmof-8631,1.8752756,298.0,154.3581818441959,216.0,61.64181815580409
tobmof-8631,1.9376378,298.0,170.97730724655764,228.0,57.02269275344236
tobmof-8631,2.0,298.0,187.03443048543716,240.0,52.965569514562844
tobmof-3042,0.7781513,298.0,45.942392335753645,35.0,10.942392335753645
tobmof-3042,1.1230719,298.0,190.46801990948902,95.0,95.46801990948902
tobmof-3042,1.4679927,298.0,165.80308501601945,155.0,10.803085016019452
tobmof-3042,1.8129133,298.0,225.24203474499882,215.0,10.242034744998818
tobmof-3042,1.8752756,298.0,232.4117800414054,226.3333282470703,6.078451794335081
tobmof-3042,1.9376378,298.0,242.21335344722766,237.6666717529297,4.546681694297973
tobmof-3042,2.0,298.0,250.90599378730644,249.0,1.9059937873064428
tobmof-10136,0.7781513,298.0,8.676842374566563,7.0,1.6768423745665633
tobmof-10136,1.1230719,298.0,55.23538559834618,29.0,26.235385598346177
tobmof-10136,1.4679927,298.0,58.98726895072058,51.0,7.987268950720583
tobmof-10136,1.8129133,298.0,85.66186448321584,73.0,12.661864483215837
tobmof-10136,1.8752756,298.0,98.4658385153924,86.0,12.465838515392406
tobmof-10136,1.9376378,298.0,111.81337880795247,99.0,12.813378807952475
tobmof-10136,2.0,298.0,125.75393663191198,112.0,13.753936631911984
tobmof-13078,0.7781513,298.0,22.19715299638309,20.0,2.197152996383089
tobmof-13078,1.1230719,298.0,91.8629220242824,61.66666793823242,30.196254086049976
tobmof-13078,1.4679927,298.0,103.89182926898353,103.33333587646484,0.5584933925186846
tobmof-13078,1.8129133,298.0,145.9979568893094,145.0,0.9979568893093926
tobmof-13078,1.8752756,298.0,161.86302681239687,160.0,1.8630268123968676
tobmof-13078,1.9376378,298.0,177.42957923162905,175.0,2.4295792316290488
tobmof-13078,2.0,298.0,190.19294960678414,190.0,0.19294960678413986
tobmof-5554,0.7781513,298.0,13.23863576590005,12.0,1.2386357659000495
tobmof-5554,1.1230719,298.0,98.3060364487019,47.0,51.3060364487019
tobmof-5554,1.4679927,298.0,90.26747892811119,82.0,8.267478928111188
tobmof-5554,1.8129133,298.0,128.95406133291883,117.0,11.954061332918826
tobmof-5554,1.8752756,298.0,145.59698880389126,133.3333282470703,12.263660556820952
tobmof-5554,1.9376378,298.0,164.1458194508074,149.6666717529297,14.479147697877721
tobmof-5554,2.0,298.0,182.81296328607735,166.0,16.81296328607735
tobmof-4131,0.7781513,298.0,85.79331562383209,97.0,11.206684376167914
tobmof-4131,1.1230719,298.0,127.96007718935208,134.0,6.039922810647923
tobmof-4131,1.4679927,298.0,152.46649051110464,171.0,18.533509488895362
tobmof-4131,1.8129133,298.0,180.65542284892945,208.0,27.344577151070553
tobmof-4131,1.8752756,298.0,183.95671255380523,212.6666717529297,28.709959199124455
tobmof-4131,1.9376378,298.0,190.55671289884705,217.3333282470703,26.77661534822326
tobmof-4131,2.0,298.0,195.16420398435469,222.0,26.835796015645315
tobmof-13035,0.7781513,298.0,18.305190281332486,18.0,0.3051902813324858
tobmof-13035,1.1230719,298.0,98.38841858576396,58.0,40.38841858576396
tobmof-13035,1.4679927,298.0,99.08768048454043,98.0,1.087680484540428
tobmof-13035,1.8129133,298.0,139.7782470774823,138.0,1.7782470774822912
tobmof-13035,1.8752756,298.0,155.12405758578672,152.6666717529297,2.457385832857028
tobmof-13035,1.9376378,298.0,171.37886788459144,167.3333282470703,4.045539637521131
tobmof-13035,2.0,298.0,187.66198613756865,182.0,5.661986137568647
tobmof-2,0.7781513,298.0,68.92626177888923,70.0,1.0737382211107729
tobmof-2,1.1230719,298.0,123.06387940420348,111.66666412353516,11.39721528066832
tobmof-2,1.4679927,298.0,148.0514831483714,153.3333282470703,5.281845098698909
tobmof-2,1.8129133,298.0,187.34266217277545,195.0,7.657337827224552
tobmof-2,1.8752756,298.0,191.3100756020287,199.3333282470703,8.023252645041623
tobmof-2,1.9376378,298.0,198.1882490962856,203.6666717529297,5.478422656644085
tobmof-2,2.0,298.0,202.901150470094,208.0,5.098849529906005
tobmof-4096,0.7781513,298.0,45.33589167654202,43.0,2.335891676542019
tobmof-4096,1.1230719,298.0,191.15962123943515,105.0,86.15962123943515
tobmof-4096,1.4679927,298.0,168.87430831505142,167.0,1.8743083150514224
tobmof-4096,1.8129133,298.0,228.94962209159362,229.0,0.05037790840637513
tobmof-4096,1.8752756,298.0,235.26508004144264,238.3333282470703,3.0682482056276683
tobmof-4096,1.9376378,298.0,244.72441527420713,247.6666717529297,2.9422564787225554
tobmof-4096,2.0,298.0,253.0358048246699,257.0,3.9641951753301043
tobmof-11795,0.7781513,298.0,26.06704503763346,27.0,0.9329549623665407
tobmof-11795,1.1230719,298.0,122.55857035015731,71.66666412353516,50.891906226622154
tobmof-11795,1.4679927,298.0,120.74718852343663,116.33333587646484,4.41385264697179
tobmof-11795,1.8129133,298.0,168.69208635929678,161.0,7.6920863592967805
tobmof-11795,1.8752756,298.0,183.49286902396176,175.3333282470703,8.159540776891447
tobmof-11795,1.9376378,298.0,198.83826744551408,189.6666717529297,9.17159569258439
tobmof-11795,2.0,298.0,212.63215364171472,204.0,8.632153641714723
tobmof-4760,0.7781513,298.0,30.54743957966647,34.0,3.45256042033353
tobmof-4760,1.1230719,298.0,186.52153891397913,89.0,97.52153891397913
tobmof-4760,1.4679927,298.0,144.70285294614916,144.0,0.7028529461491644
tobmof-4760,1.8129133,298.0,202.7705118100719,199.0,3.770511810071895
tobmof-4760,1.8752756,298.0,218.47278486392096,212.3333282470703,6.1394566168506515
tobmof-4760,1.9376378,298.0,230.9830076236302,225.6666717529297,5.316335870700499
tobmof-4760,2.0,298.0,240.29879836722696,239.0,1.298798367226965
tobmof-11854,0.7781513,298.0,50.93237317733605,38.0,12.932373177336054
tobmof-11854,1.1230719,298.0,145.26233537092364,93.0,52.26233537092364
tobmof-11854,1.4679927,298.0,157.16467357199735,148.0,9.164673571997355
tobmof-11854,1.8129133,298.0,210.03018605743392,203.0,7.030186057433923
tobmof-11854,1.8752756,298.0,220.0225267871959,214.0,6.022526787195886
tobmof-11854,1.9376378,298.0,229.44824046150634,225.0,4.4482404615063444
tobmof-11854,2.0,298.0,237.73417753704794,236.0,1.734177537047941
tobmof-4402,0.7781513,298.0,13.147090547439875,14.0,0.8529094525601248
tobmof-4402,1.1230719,298.0,94.77982050227777,53.66666793823242,41.11315256404535
tobmof-4402,1.4679927,298.0,88.67311220721588,93.33333587646484,4.660223669248964
tobmof-4402,1.8129133,298.0,126.9255514006608,133.0,6.074448599339206
tobmof-4402,1.8752756,298.0,143.41966644531874,149.3333282470703,5.913661801751573
tobmof-4402,1.9376378,298.0,161.46204916698338,165.6666717529297,4.204622585946311
tobmof-4402,2.0,298.0,179.31352796585912,182.0,2.686472034140877
tobmof-418,0.7781513,298.0,21.99677772979218,21.0,0.9967777297921785
tobmof-418,1.1230719,298.0,124.19236003628261,68.0,56.19236003628261
tobmof-418,1.4679927,298.0,117.63908826106027,115.0,2.639088261060266
tobmof-418,1.8129133,298.0,165.57769273337192,162.0,3.5776927333719186
tobmof-418,1.8752756,298.0,181.9964870472201,177.0,4.996487047220114
tobmof-418,1.9376378,298.0,198.30826441698397,192.0,6.308264416983974
tobmof-418,2.0,298.0,213.7044453645851,207.0,6.704445364585098
tobmof-8955,0.7781513,298.0,39.36052598991592,30.0,9.36052598991592
tobmof-8955,1.1230719,298.0,172.53379216056683,84.33333587646484,88.20045628410199
tobmof-8955,1.4679927,298.0,156.16877800305073,138.6666717529297,17.502106250121045
tobmof-8955,1.8129133,298.0,214.25447720349322,193.0,21.254477203493224
tobmof-8955,1.8752756,298.0,224.5610551920015,205.6666717529297,18.894383439071817
tobmof-8955,1.9376378,298.0,234.90615441942467,218.3333282470703,16.572826172354354
tobmof-8955,2.0,298.0,243.60708688963288,231.0,12.607086889632882
tobmof-2846,0.7781513,298.0,33.18814443077159,34.0,0.8118555692284133
tobmof-2846,1.1230719,298.0,168.41536870400324,90.66666412353516,77.74870458046809
tobmof-2846,1.4679927,298.0,147.45709904539407,147.3333282470703,0.12377079832376126
tobmof-2846,1.8129133,298.0,204.3960648773731,204.0,0.3960648773731066
tobmof-2846,1.8752756,298.0,217.64855594204712,216.6666717529297,0.9818841891174372
tobmof-2846,1.9376378,298.0,229.2244246734335,229.3333282470703,0.10890357363680891
tobmof-2846,2.0,298.0,239.08510059794293,242.0,2.914899402057074
tobmof-10854,0.7781513,298.0,7.527657711226581,6.0,1.5276577112265812
tobmof-10854,1.1230719,298.0,44.2047350724414,28.33333396911621,15.87140110332519
tobmof-10854,1.4679927,298.0,49.668003003692846,50.66666793823242,0.9986649345395762
tobmof-10854,1.8129133,298.0,71.79135806439422,73.0,1.2086419356057831
tobmof-10854,1.8752756,298.0,87.19419589403016,86.33333587646484,0.8608600175653152
tobmof-10854,1.9376378,298.0,102.22025262805029,99.66666412353516,2.553588504515133
tobmof-10854,2.0,298.0,115.24546908859607,113.0,2.2454690885960673
tobmof-6362,0.7781513,298.0,27.65728310911169,29.0,1.3427168908883083
tobmof-6362,1.1230719,298.0,158.39185227933226,83.66666412353516,74.7251881557971
tobmof-6362,1.4679927,298.0,140.4207491703893,138.3333282470703,2.0874209233190015
tobmof-6362,1.8129133,298.0,196.70309513816167,193.0,3.7030951381616717
tobmof-6362,1.8752756,298.0,213.50610248034727,207.6666717529297,5.839430727417579
tobmof-6362,1.9376378,298.0,226.10398520922416,222.3333282470703,3.7706569621538506
tobmof-6362,2.0,298.0,236.59761245855432,237.0,0.4023875414456768
tobmof-7836,0.7781513,298.0,62.958028349602465,48.0,14.958028349602465
tobmof-7836,1.1230719,298.0,144.9169833627391,102.66666412353516,42.25031923920395
tobmof-7836,1.4679927,298.0,158.3220716863904,157.3333282470703,0.9887434393200749
tobmof-7836,1.8129133,298.0,207.55875201572726,212.0,4.441247984272735
tobmof-7836,1.8752756,298.0,214.19953101621795,220.3333282470703,6.133797230852366
tobmof-7836,1.9376378,298.0,218.2047149045461,228.6666717529297,10.46195684838358
tobmof-7836,2.0,298.0,229.70259045346035,237.0,7.2974095465396545
tobmof-12460,0.7781513,298.0,12.550697507050867,11.0,1.5506975070508666
tobmof-12460,1.1230719,298.0,84.04824970166696,44.0,40.04824970166696
tobmof-12460,1.4679927,298.0,79.4653452120471,77.0,2.4653452120470973
tobmof-12460,1.8129133,298.0,112.70448600326989,110.0,2.704486003269892
tobmof-12460,1.8752756,298.0,127.14779969926738,125.0,2.147799699267381
tobmof-12460,1.9376378,298.0,144.07217466077128,140.0,4.072174660771282
tobmof-12460,2.0,298.0,159.45883598020023,155.0,4.458835980200234
tobmof-4737,0.7781513,298.0,41.20748441382004,35.0,6.2074844138200405
tobmof-4737,1.1230719,298.0,173.56361672633358,94.0,79.56361672633358
tobmof-4737,1.4679927,298.0,154.71718074322507,153.0,1.7171807432250716
tobmof-4737,1.8129133,298.0,209.89718778049328,212.0,2.102812219506717
tobmof-4737,1.8752756,298.0,220.6296124485133,223.3333282470703,2.703715798556999
tobmof-4737,1.9376378,298.0,230.62887009927027,234.6666717529297,4.037801653659415
tobmof-4737,2.0,298.0,241.98534025096478,246.0,4.014659749035218
tobmof-11559,0.7781513,298.0,20.387099071975157,20.0,0.38709907197515747
tobmof-11559,1.1230719,298.0,114.02267616572598,63.33333206176758,50.689344103958405
tobmof-11559,1.4679927,298.0,108.2905995392103,106.66666412353516,1.6239354156751489
tobmof-11559,1.8129133,298.0,152.38678585558586,150.0,2.386785855585856
tobmof-11559,1.8752756,298.0,168.55326313756342,165.3333282470703,3.219934890493107
tobmof-11559,1.9376378,298.0,186.70756329791595,180.6666717529297,6.040891544986266
tobmof-11559,2.0,298.0,202.9848185496062,196.0,6.984818549606189
tobmof-8035,0.7781513,298.0,10.989252742062092,11.0,0.010747257937907762
tobmof-8035,1.1230719,298.0,84.81753876039872,45.33333206176758,39.48420669863114
tobmof-8035,1.4679927,298.0,77.04207024157606,79.66666412353516,2.6245938819591004
tobmof-8035,1.8129133,298.0,110.00474934029685,114.0,3.995250659703146
tobmof-8035,1.8752756,298.0,124.41423103066722,129.0,4.585768969332776
tobmof-8035,1.9376378,298.0,140.11596988602952,144.0,3.884030113970482
tobmof-8035,2.0,298.0,158.64306227271578,159.0,0.3569377272842189
tobmof-3267,0.7781513,298.0,25.510871134256227,26.0,0.4891288657437727
tobmof-3267,1.1230719,298.0,134.232534719089,80.66666412353516,53.56587059555383
tobmof-3267,1.4679927,298.0,132.16176373981344,135.3333282470703,3.1715645072568748
tobmof-3267,1.8129133,298.0,184.31797386106396,190.0,5.682026138936038
tobmof-3267,1.8752756,298.0,200.14836327267304,203.3333282470703,3.1849649743972748
tobmof-3267,1.9376378,298.0,213.18071979317116,216.6666717529297,3.4859519597585233
tobmof-3267,2.0,298.0,226.8991126338496,230.0,3.1008873661504026
tobmof-943,0.7781513,298.0,12.141130784537063,13.0,0.8588692154629367
tobmof-943,1.1230719,298.0,72.6003237019543,46.66666793823242,25.933655763721873
tobmof-943,1.4679927,298.0,77.32669170883057,80.33333587646484,3.0066441676342777
tobmof-943,1.8129133,298.0,109.50666663811772,114.0,4.493333361882279
tobmof-943,1.8752756,298.0,124.3102172628465,129.0,4.689782737153493
tobmof-943,1.9376378,298.0,141.1748371088748,144.0,2.8251628911251885
tobmof-943,2.0,298.0,154.18944220813043,159.0,4.81055779186957
tobmof-9258,0.7781513,298.0,33.90302458029584,30.0,3.903024580295842
tobmof-9258,1.1230719,298.0,142.84835506893194,80.66666412353516,62.18169094539678
tobmof-9258,1.4679927,298.0,138.02504417299608,131.3333282470703,6.691715925925763
tobmof-9258,1.8129133,298.0,191.4488589528945,182.0,9.448858952894511
tobmof-9258,1.8752756,298.0,203.73282776800346,196.0,7.73282776800346
tobmof-9258,1.9376378,298.0,215.9395890514057,210.0,5.939589051405704
tobmof-9258,2.0,298.0,226.92211363685294,224.0,2.9221136368529415
tobmof-4465,0.7781513,298.0,43.152586521519424,36.0,7.152586521519424
tobmof-4465,1.1230719,298.0,207.4368124007971,98.0,109.4368124007971
tobmof-4465,1.4679927,298.0,171.52960779163305,160.0,11.529607791633055
tobmof-4465,1.8129133,298.0,232.91334247285027,222.0,10.913342472850275
tobmof-4465,1.8752756,298.0,236.9728525942819,232.0,4.972852594281903
tobmof-4465,1.9376378,298.0,246.89979185333678,242.0,4.8997918533367795
tobmof-4465,2.0,298.0,254.5470521677569,252.0,2.5470521677569025
tobmof-8385,0.7781513,298.0,23.2179702178311,24.0,0.7820297821689017
tobmof-8385,1.1230719,298.0,126.87662686844592,71.33333587646484,55.54329099198108
tobmof-8385,1.4679927,298.0,117.70546856186334,118.66666412353516,0.9611955616718149
tobmof-8385,1.8129133,298.0,165.9967988045926,166.0,0.003201195407399382
tobmof-8385,1.8752756,298.0,182.07631523609655,180.3333282470703,1.7429869890262353
tobmof-8385,1.9376378,298.0,198.32258608812327,194.6666717529297,3.655914335193586
tobmof-8385,2.0,298.0,214.07563869398513,209.0,5.075638693985127
tobmof-1598,0.7781513,298.0,23.208649135017865,22.0,1.2086491350178648
tobmof-1598,1.1230719,298.0,136.80279198674566,73.66666412353516,63.136127863210504
tobmof-1598,1.4679927,298.0,128.09261612819375,125.33333587646484,2.75928025172891
tobmof-1598,1.8129133,298.0,179.2526846471352,177.0,2.2526846471351973
tobmof-1598,1.8752756,298.0,195.38844002448346,192.3333282470703,3.0551117774131455
tobmof-1598,1.9376378,298.0,209.19756998380834,207.6666717529297,1.5308982308786483
tobmof-1598,2.0,298.0,223.41647575204942,223.0,0.416475752049422
tobmof-11425,0.7781513,298.0,14.22288058434391,14.0,0.22288058434391012
tobmof-11425,1.1230719,298.0,106.55062267940438,53.66666793823242,52.88395474117196
tobmof-11425,1.4679927,298.0,94.20701878612314,93.33333587646484,0.8736829096582994
tobmof-11425,1.8129133,298.0,134.68941645597724,133.0,1.6894164559772378
tobmof-11425,1.8752756,298.0,151.21097778528497,149.0,2.2109777852849675
tobmof-11425,1.9376378,298.0,170.15864714885024,165.0,5.1586471488502355
tobmof-11425,2.0,298.0,187.14612265931572,181.0,6.146122659315722
tobmof-10895,0.7781513,298.0,7.634589329509117,8.0,0.36541067049088305
tobmof-10895,1.1230719,298.0,50.4602053059645,32.33333206176758,18.126873244196922
tobmof-10895,1.4679927,298.0,55.06117767446946,56.66666793823242,1.6054902637629596
tobmof-10895,1.8129133,298.0,80.45806529375979,81.0,0.5419347062402124
tobmof-10895,1.8752756,298.0,95.75898469394195,94.66666412353516,1.0923205704067982
tobmof-10895,1.9376378,298.0,111.43191485436863,108.33333587646484,3.0985789779037844
tobmof-10895,2.0,298.0,121.89723628310313,122.0,0.1027637168968738
tobmof-2211,0.7781513,298.0,34.09050915435671,34.0,0.09050915435670959
tobmof-2211,1.1230719,298.0,162.95699969816448,95.0,67.95699969816448
tobmof-2211,1.4679927,298.0,152.92565924986906,156.0,3.0743407501309434
tobmof-2211,1.8129133,298.0,211.16940925078933,217.0,5.830590749210671
tobmof-2211,1.8752756,298.0,224.24714104886385,228.0,3.7528589511361474
tobmof-2211,1.9376378,298.0,234.74078416514243,239.0,4.259215834857571
tobmof-2211,2.0,298.0,243.65643211532,250.0,6.343567884679999
tobmof-3229,0.7781513,298.0,21.43390164869875,20.0,1.4339016486987504
tobmof-3229,1.1230719,298.0,139.95939935095396,72.66666412353516,67.2927352274188
tobmof-3229,1.4679927,298.0,125.4044525204061,125.33333587646484,0.07111664394125228
tobmof-3229,1.8129133,298.0,177.17349534486397,178.0,0.8265046551360342
tobmof-3229,1.8752756,298.0,195.456020135892,193.3333282470703,2.1226918888216915
tobmof-3229,1.9376378,298.0,210.6666217911308,208.6666717529297,1.9999500382011206
tobmof-3229,2.0,298.0,224.1302880097405,224.0,0.1302880097404966
tobmof-11580,0.7781513,298.0,9.955205150880783,9.0,0.9552051508807828
tobmof-11580,1.1230719,298.0,73.62405056341431,39.33333206176758,34.29071850164674
tobmof-11580,1.4679927,298.0,71.82480462902451,69.66666412353516,2.1581405054893565
tobmof-11580,1.8129133,298.0,103.07048768024956,100.0,3.070487680249556
tobmof-11580,1.8752756,298.0,116.98920742227966,115.66666412353516,1.322543298744506
tobmof-11580,1.9376378,298.0,133.38155735993612,131.3333282470703,2.048229112865812
tobmof-11580,2.0,298.0,150.9301509597894,147.0,3.930150959789387
tobmof-11929,0.7781513,298.0,11.80738291170157,13.0,1.1926170882984302
tobmof-11929,1.1230719,298.0,82.62922137901148,48.0,34.62922137901148
tobmof-11929,1.4679927,298.0,77.87398982524944,83.0,5.1260101747505615
tobmof-11929,1.8129133,298.0,111.01637848469551,118.0,6.983621515304492
tobmof-11929,1.8752756,298.0,125.4264008687253,133.6666717529297,8.240270884204392
tobmof-11929,1.9376378,298.0,141.73200236333264,149.3333282470703,7.6013258837376725
tobmof-11929,2.0,298.0,159.37028552100807,165.0,5.629714478991929
tobmof-6263,0.7781513,298.0,13.720699420717112,13.0,0.7206994207171125
tobmof-6263,1.1230719,298.0,97.07983350779664,51.66666793823242,45.413165569564214
tobmof-6263,1.4679927,298.0,92.96407130374843,90.33333587646484,2.6307354272835823
tobmof-6263,1.8129133,298.0,133.0117614127787,129.0,4.0117614127786965
tobmof-6263,1.8752756,298.0,150.30071234785842,144.3333282470703,5.967384100788109
tobmof-6263,1.9376378,298.0,169.25068666939228,159.6666717529297,9.584014916462593
tobmof-6263,2.0,298.0,187.33132154425425,175.0,12.331321544254251
tobmof-9555,0.7781513,298.0,16.750128523534393,16.0,0.7501285235343929
tobmof-9555,1.1230719,298.0,92.72476219019407,55.66666793823242,37.05809425196165
tobmof-9555,1.4679927,298.0,96.54849649801179,95.33333587646484,1.2151606215469428
tobmof-9555,1.8129133,298.0,136.45481685302516,135.0,1.4548168530251644
tobmof-9555,1.8752756,298.0,152.00764679122437,149.6666717529297,2.340975038294687
tobmof-9555,1.9376378,298.0,169.17474678630032,164.3333282470703,4.8414185392300055
tobmof-9555,2.0,298.0,186.35823655059005,179.0,7.35823655059005
tobmof-452,0.7781513,298.0,9.477476269896473,9.0,0.4774762698964725
tobmof-452,1.1230719,298.0,73.74879924202398,37.33333206176758,36.4154671802564
tobmof-452,1.4679927,298.0,68.49406961093047,65.66666412353516,2.8274054873953105
tobmof-452,1.8129133,298.0,98.71377932459994,94.0,4.71377932459994
tobmof-452,1.8752756,298.0,112.4752911756405,108.66666412353516,3.8086270521053507
tobmof-452,1.9376378,298.0,128.19049885208753,123.33333587646484,4.8571629756226855
tobmof-452,2.0,298.0,145.55778608465405,138.0,7.5577860846540545
tobmof-13137,0.7781513,298.0,21.289787922852916,19.0,2.2897879228529163
tobmof-13137,1.1230719,298.0,126.58568748872162,62.66666793823242,63.919019550489196
tobmof-13137,1.4679927,298.0,112.06974624441233,106.33333587646484,5.736410367947485
tobmof-13137,1.8129133,298.0,158.00781648967816,150.0,8.007816489678163
tobmof-13137,1.8752756,298.0,174.43923989444187,165.6666717529297,8.772568141512181
tobmof-13137,1.9376378,298.0,191.59461787900295,181.3333282470703,10.261289631932641
tobmof-13137,2.0,298.0,207.15474303700643,197.0,10.154743037006426
tobmof-4604,0.7781513,298.0,12.089826569027341,13.0,0.9101734309726588
tobmof-4604,1.1230719,298.0,85.41968190675763,48.33333206176758,37.08634984499005
tobmof-4604,1.4679927,298.0,80.19204660046431,83.66666412353516,3.4746175230708474
tobmof-4604,1.8129133,298.0,114.98633593372782,119.0,4.0136640662721845
tobmof-4604,1.8752756,298.0,130.249150332998,135.0,4.750849667002001
tobmof-4604,1.9376378,298.0,146.1444510067094,151.0,4.855548993290597
tobmof-4604,2.0,298.0,164.05070057369937,167.0,2.9492994263006267
tobmof-4347,0.7781513,298.0,20.380655406476784,19.0,1.3806554064767838
tobmof-4347,1.1230719,298.0,153.08020953990308,71.33333587646484,81.74687366343824
tobmof-4347,1.4679927,298.0,128.27604739457166,123.66666412353516,4.609383271036506
tobmof-4347,1.8129133,298.0,182.84198677461242,176.0,6.8419867746124226
tobmof-4347,1.8752756,298.0,201.76700072026173,192.0,9.767000720261734
tobmof-4347,1.9376378,298.0,218.38979721525885,208.0,10.389797215258852
tobmof-4347,2.0,298.0,229.06658290704672,224.0,5.0665829070467225
tobmof-1883,0.7781513,298.0,18.972697363899766,18.0,0.9726973638997656
tobmof-1883,1.1230719,298.0,134.8685351042704,66.66666412353516,68.20187098073524
tobmof-1883,1.4679927,298.0,117.83694191121923,115.33333587646484,2.503606034754384
tobmof-1883,1.8129133,298.0,169.43445050378475,164.0,5.4344505037847455
tobmof-1883,1.8752756,298.0,187.73822282140378,181.3333282470703,6.404894574333468
tobmof-1883,1.9376378,298.0,205.87617632360914,198.6666717529297,7.2095045706794565
tobmof-1883,2.0,298.0,218.64878080498664,216.0,2.648780804986643
tobmof-2862,0.7781513,298.0,95.29912063769994,103.0,7.700879362300057
tobmof-2862,1.1230719,298.0,167.3579485624327,144.3333282470703,23.024620315362398
tobmof-2862,1.4679927,298.0,175.23405331898854,185.6666717529297,10.432618433941144
tobmof-2862,1.8129133,298.0,216.88486726813423,227.0,10.11513273186577
tobmof-2862,1.8752756,298.0,223.05708960364106,230.3333282470703,7.276238643429252
tobmof-2862,1.9376378,298.0,225.787466601106,233.6666717529297,7.879205151823697
tobmof-2862,2.0,298.0,231.48207432913463,237.0,5.517925670865367
tobmof-9799,0.7781513,298.0,11.22494190306541,10.0,1.2249419030654103
tobmof-9799,1.1230719,298.0,92.20339439673143,42.33333206176758,49.87006233496385
tobmof-9799,1.4679927,298.0,80.53179455865548,74.66666412353516,5.865130435120321
tobmof-9799,1.8129133,298.0,116.63021321026771,107.0,9.630213210267712
tobmof-9799,1.8752756,298.0,131.62461240838442,122.33333587646484,9.291276531919578
tobmof-9799,1.9376378,298.0,148.1768475755176,137.6666717529297,10.510175822587911
tobmof-9799,2.0,298.0,166.47908947336782,153.0,13.479089473367821
tobmof-11461,0.7781513,298.0,15.551870760676877,17.0,1.4481292393231229
tobmof-11461,1.1230719,298.0,95.47222298555003,60.0,35.47222298555003
tobmof-11461,1.4679927,298.0,96.10177860916627,103.0,6.898221390833726
tobmof-11461,1.8129133,298.0,135.77984819944595,146.0,10.22015180055405
tobmof-11461,1.8752756,298.0,152.27504561791304,162.3333282470703,10.058282629157276
tobmof-11461,1.9376378,298.0,170.63307897232872,178.6666717529297,8.03359278060097
tobmof-11461,2.0,298.0,188.45172057080134,195.0,6.548279429198658
tobmof-9030,0.7781513,298.0,34.00556892824027,33.0,1.0055689282402724
tobmof-9030,1.1230719,298.0,166.25374082024197,88.0,78.25374082024197
tobmof-9030,1.4679927,298.0,145.6817303204382,143.0,2.6817303204381915
tobmof-9030,1.8129133,298.0,202.28571083956197,198.0,4.285710839561972
tobmof-9030,1.8752756,298.0,214.8673778477254,211.3333282470703,3.534049600655095
tobmof-9030,1.9376378,298.0,226.35584159843435,224.6666717529297,1.689169845504665
tobmof-9030,2.0,298.0,236.11136929448452,238.0,1.8886307055154816
tobmof-955,0.7781513,298.0,57.60665429891736,52.0,5.606654298917363
tobmof-955,1.1230719,298.0,144.20635329207258,99.33333587646484,44.873017415607734
tobmof-955,1.4679927,298.0,151.26985108792223,146.6666717529297,4.6031793349925465
tobmof-955,1.8129133,298.0,202.3519486292649,194.0,8.35194862926491
tobmof-955,1.8752756,298.0,209.0774179521628,203.0,6.07741795216279
tobmof-955,1.9376378,298.0,219.61054046970668,212.0,7.610540469706677
tobmof-955,2.0,298.0,226.44406100246678,221.0,5.444061002466782
tobmof-13304,0.7781513,298.0,10.654057461092913,11.0,0.3459425389070869
tobmof-13304,1.1230719,298.0,74.5860928402455,42.66666793823242,31.919424902013077
tobmof-13304,1.4679927,298.0,73.37242016197138,74.33333587646484,0.960915714493467
tobmof-13304,1.8129133,298.0,104.75841557733216,106.0,1.2415844226678416
tobmof-13304,1.8752756,298.0,119.3076736687688,120.66666412353516,1.3589904547663565
tobmof-13304,1.9376378,298.0,135.31973807372754,135.3333282470703,0.013590173342777234
tobmof-13304,2.0,298.0,150.7478948791256,150.0,0.7478948791255959
tobmof-7785,0.7781513,298.0,16.7259385294699,15.0,1.7259385294699001
tobmof-7785,1.1230719,298.0,127.02674084958775,57.33333206176758,69.69340878782018
tobmof-7785,1.4679927,298.0,111.46518873779834,99.66666412353516,11.798524614263187
tobmof-7785,1.8129133,298.0,160.9377225430394,142.0,18.9377225430394
tobmof-7785,1.8752756,298.0,178.80966441319896,160.0,18.80966441319896
tobmof-7785,1.9376378,298.0,197.89352555172468,178.0,19.89352555172468
tobmof-7785,2.0,298.0,212.67108188663772,196.0,16.671081886637722
tobmof-13140,0.7781513,298.0,13.624145197901441,13.0,0.6241451979014414
tobmof-13140,1.1230719,298.0,93.37414542890932,49.33333206176758,44.04081336714174
tobmof-13140,1.4679927,298.0,91.4447756350859,85.66666412353516,5.7781115115507475
tobmof-13140,1.8129133,298.0,129.8813697385256,122.0,7.881369738525592
tobmof-13140,1.8752756,298.0,145.61120273661004,138.0,7.611202736610039
tobmof-13140,1.9376378,298.0,162.42421385921776,154.0,8.424213859217758
tobmof-13140,2.0,298.0,181.09920146755462,170.0,11.099201467554622
tobmof-6420,0.7781513,298.0,12.979492686979519,12.0,0.9794926869795191
tobmof-6420,1.1230719,298.0,94.73954012246922,49.66666793823242,45.0728721842368
tobmof-6420,1.4679927,298.0,91.78558529019966,87.33333587646484,4.452249413734819
tobmof-6420,1.8129133,298.0,131.3084545697531,125.0,6.30845456975311
tobmof-6420,1.8752756,298.0,147.97907988005147,142.6666717529297,5.312408127121785
tobmof-6420,1.9376378,298.0,166.43801523463156,160.3333282470703,6.1046869875612515
tobmof-6420,2.0,298.0,186.72514071695105,178.0,8.725140716951046
tobmof-4746,0.7781513,298.0,48.15428032665802,57.0,8.845719673341982
tobmof-4746,1.1230719,298.0,185.90284478736814,115.33333587646484,70.5695089109033
tobmof-4746,1.4679927,298.0,168.00470971831487,173.6666717529297,5.661962034614817
tobmof-4746,1.8129133,298.0,225.47434920547238,232.0,6.525650794527621
tobmof-4746,1.8752756,298.0,235.07124155609594,241.3333282470703,6.262086690974371
tobmof-4746,1.9376378,298.0,244.65750599408102,250.6666717529297,6.009165758848667
tobmof-4746,2.0,298.0,253.4095093933664,260.0,6.590490606633608
tobmof-2899,0.7781513,298.0,18.807491836824436,18.0,0.8074918368244361
tobmof-2899,1.1230719,298.0,127.55544735515326,61.66666793823242,65.88877941692084
tobmof-2899,1.4679927,298.0,110.42901685167018,105.33333587646484,5.09568097520534
tobmof-2899,1.8129133,298.0,156.19141724039957,149.0,7.1914172403995735
tobmof-2899,1.8752756,298.0,173.37969833433917,165.3333282470703,8.046370087268855
tobmof-2899,1.9376378,298.0,190.86555313927332,181.6666717529297,9.19888138634363
tobmof-2899,2.0,298.0,206.99716736400615,198.0,8.997167364006145
tobmof-9639,0.7781513,298.0,25.23616841054356,25.0,0.2361684105435593
tobmof-9639,1.1230719,298.0,101.45473467357742,70.33333587646484,31.121398797112576
tobmof-9639,1.4679927,298.0,115.91695420100771,115.66666412353516,0.25029007747255605
tobmof-9639,1.8129133,298.0,161.8792203631261,161.0,0.8792203631261089
tobmof-9639,1.8752756,298.0,176.34734188425907,174.3333282470703,2.0140136371887536
tobmof-9639,1.9376378,298.0,191.1721671021931,187.6666717529297,3.5054953492634127
tobmof-9639,2.0,298.0,202.33214113639178,201.0,1.3321411363917832
tobmof-8094,0.7781513,298.0,10.800687925007013,11.0,0.19931207499298687
tobmof-8094,1.1230719,298.0,85.38815624482804,43.66666793823242,41.72148830659562
tobmof-8094,1.4679927,298.0,75.38216600608354,76.33333587646484,0.9511698703813067
tobmof-8094,1.8129133,298.0,108.20750305449631,109.0,0.7924969455036859
tobmof-8094,1.8752756,298.0,122.68834877857897,124.0,1.3116512214210303
tobmof-8094,1.9376378,298.0,137.58261152044284,139.0,1.417388479557161
tobmof-8094,2.0,298.0,154.81693102822922,154.0,0.8169310282292201
tobmof-2087,0.7781513,298.0,14.074334542143736,13.0,1.0743345421437365
tobmof-2087,1.1230719,298.0,103.27058029262182,49.0,54.270580292621815
tobmof-2087,1.4679927,298.0,94.0751401605732,85.0,9.075140160573199
tobmof-2087,1.8129133,298.0,134.52078242972004,121.0,13.520782429720043
tobmof-2087,1.8752756,298.0,151.73547035011686,137.3333282470703,14.402142103046543
tobmof-2087,1.9376378,298.0,171.15727009100655,153.6666717529297,17.490598338076865
tobmof-2087,2.0,298.0,188.4117730142967,170.0,18.4117730142967
tobmof-387,0.7781513,298.0,15.653812953114535,15.0,0.6538129531145351
tobmof-387,1.1230719,298.0,102.40407804876918,58.66666793823242,43.73741011053676
tobmof-387,1.4679927,298.0,105.4124787601766,102.33333587646484,3.0791428837117536
tobmof-387,1.8129133,298.0,149.4067464420447,146.0,3.4067464420446925
tobmof-387,1.8752756,298.0,165.65384803628814,162.0,3.6538480362881387
tobmof-387,1.9376378,298.0,182.07797001293852,178.0,4.077970012938522
tobmof-387,2.0,298.0,197.71597816533637,194.0,3.7159781653363666
tobmof-11064,0.7781513,298.0,25.669450186493464,38.0,12.330549813506536
tobmof-11064,1.1230719,298.0,82.14597999257794,79.0,3.145979992577935
tobmof-11064,1.4679927,298.0,106.87851839327257,120.0,13.121481606727428
tobmof-11064,1.8129133,298.0,143.44729772872498,161.0,17.552702271275024
tobmof-11064,1.8752756,298.0,152.32719156363598,167.6666717529297,15.33948018929371
tobmof-11064,1.9376378,298.0,163.72258590010463,174.3333282470703,10.61074234696568
tobmof-11064,2.0,298.0,172.99937384630542,181.0,8.000626153694583
tobmof-2238,0.7781513,298.0,15.20671817022181,13.0,2.2067181702218104
tobmof-2238,1.1230719,298.0,114.97269291858552,50.0,64.97269291858552
tobmof-2238,1.4679927,298.0,100.13467663806735,87.0,13.134676638067347
tobmof-2238,1.8129133,298.0,143.37818248829578,124.0,19.378182488295778
tobmof-2238,1.8752756,298.0,160.43597703150635,140.6666717529297,19.769305278576667
tobmof-2238,1.9376378,298.0,179.59311992209018,157.3333282470703,22.25979167501987
tobmof-2238,2.0,298.0,194.82441421700508,174.0,20.824414217005085
tobmof-3706,0.7781513,298.0,15.469133444741649,15.0,0.4691334447416491
tobmof-3706,1.1230719,298.0,94.56587259537912,55.33333206176758,39.23254053361154
tobmof-3706,1.4679927,298.0,92.18617907507523,95.66666412353516,3.4804850484599257
tobmof-3706,1.8129133,298.0,130.0766542421132,136.0,5.923345757886807
tobmof-3706,1.8752756,298.0,145.57093827171502,151.3333282470703,5.7623899753552905
tobmof-3706,1.9376378,298.0,162.36790095222227,166.6666717529297,4.298770800707416
tobmof-3706,2.0,298.0,178.93914584150264,182.0,3.0608541584973636
tobmof-5069,0.7781513,298.0,18.837778103444894,19.0,0.16222189655510633
tobmof-5069,1.1230719,298.0,100.78235538836036,59.66666793823242,41.115687450127936
tobmof-5069,1.4679927,298.0,102.92819341327895,100.33333587646484,2.5948575368141036
tobmof-5069,1.8129133,298.0,144.49160061946785,141.0,3.491600619467846
tobmof-5069,1.8752756,298.0,160.3575473772671,156.3333282470703,4.024219130196798
tobmof-5069,1.9376378,298.0,178.62817314949098,171.6666717529297,6.961501396561289
tobmof-5069,2.0,298.0,195.69790743549308,187.0,8.697907435493079
tobmof-2871,0.7781513,298.0,34.665673330268824,31.0,3.665673330268824
tobmof-2871,1.1230719,298.0,185.40685765383117,88.66666412353516,96.74019353029601
tobmof-2871,1.4679927,298.0,152.89484385450817,146.3333282470703,6.561515607437855
tobmof-2871,1.8129133,298.0,212.32691998836174,204.0,8.326919988361738
tobmof-2871,1.8752756,298.0,224.3410481296123,216.3333282470703,8.007719882541977
tobmof-2871,1.9376378,298.0,234.9742131675646,228.6666717529297,6.307541414634926
tobmof-2871,2.0,298.0,243.60444651660177,241.0,2.6044465166017687
tobmof-11344,0.7781513,298.0,10.084528371608213,10.0,0.08452837160821325
tobmof-11344,1.1230719,298.0,80.39817601203566,40.0,40.39817601203566
tobmof-11344,1.4679927,298.0,72.24635158800011,70.0,2.2463515880001097
tobmof-11344,1.8129133,298.0,104.31831219700132,100.0,4.318312197001319
tobmof-11344,1.8752756,298.0,118.6762526905096,115.33333587646484,3.342916814044756
tobmof-11344,1.9376378,298.0,133.76554438057758,130.6666717529297,3.098872627647893
tobmof-11344,2.0,298.0,151.172005435516,146.0,5.172005435516013
tobmof-1887,0.7781513,298.0,16.641617755663216,16.0,0.6416177556632157
tobmof-1887,1.1230719,298.0,113.44416608689082,59.33333206176758,54.11083402512324
tobmof-1887,1.4679927,298.0,104.08261867963367,102.66666412353516,1.4159545560985123
tobmof-1887,1.8129133,298.0,148.1466531272137,146.0,2.1466531272137104
tobmof-1887,1.8752756,298.0,165.52072632689942,162.3333282470703,3.1873980798291086
tobmof-1887,1.9376378,298.0,184.15248483856647,178.6666717529297,5.485813085636778
tobmof-1887,2.0,298.0,200.0194360261285,195.0,5.0194360261284885
tobmof-8207,0.7781513,298.0,10.267304397166743,11.0,0.7326956028332567
tobmof-8207,1.1230719,298.0,79.54786945225764,43.33333206176758,36.214537390490065
tobmof-8207,1.4679927,298.0,73.44554980879315,75.66666412353516,2.2211143147420103
tobmof-8207,1.8129133,298.0,105.50949123337924,108.0,2.4905087666207635
tobmof-8207,1.8752756,298.0,119.84500887656908,123.66666412353516,3.821655246966074
tobmof-8207,1.9376378,298.0,135.4113025861193,139.3333282470703,3.9220256609510216
tobmof-8207,2.0,298.0,153.156996541799,155.0,1.8430034582009966
tobmof-3688,0.7781513,298.0,19.00391263153906,16.0,3.003912631539059
tobmof-3688,1.1230719,298.0,98.92203692445358,61.33333206176758,37.588704862686
tobmof-3688,1.4679927,298.0,104.04207171787819,106.66666412353516,2.624592405656969
tobmof-3688,1.8129133,298.0,147.01883444876333,152.0,4.981165551236671
tobmof-3688,1.8752756,298.0,162.60403498323413,167.3333282470703,4.729293263836183
tobmof-3688,1.9376378,298.0,178.15207341180252,182.6666717529297,4.514598341127169
tobmof-3688,2.0,298.0,192.55699796314434,198.0,5.44300203685566
tobmof-193,0.7781513,298.0,81.9561672446212,90.0,8.043832755378801
tobmof-193,1.1230719,298.0,148.34609998533426,129.6666717529297,18.679428232404575
tobmof-193,1.4679927,298.0,165.7017757855401,169.3333282470703,3.6315524615302195
tobmof-193,1.8129133,298.0,208.93579159647032,209.0,0.06420840352967616
tobmof-193,1.8752756,298.0,215.5508573712173,213.0,2.5508573712172904
tobmof-193,1.9376378,298.0,220.1783489542943,217.0,3.1783489542943073
tobmof-193,2.0,298.0,227.34401235749706,221.0,6.344012357497064
tobmof-9940,0.7781513,298.0,27.031641154773453,27.0,0.031641154773453195
tobmof-9940,1.1230719,298.0,166.16732127361746,79.66666412353516,86.5006571500823
tobmof-9940,1.4679927,298.0,136.7046878492587,132.3333282470703,4.371359602188392
tobmof-9940,1.8129133,298.0,193.49262971362697,185.0,8.492629713626968
tobmof-9940,1.8752756,298.0,210.03535952539733,199.0,11.035359525397325
tobmof-9940,1.9376378,298.0,223.15159372594658,213.0,10.151593725946583
tobmof-9940,2.0,298.0,233.54238333108643,227.0,6.542383331086427
tobmof-7145,0.7781513,298.0,11.610637086740544,12.0,0.3893629132594558
tobmof-7145,1.1230719,298.0,79.82362857130143,45.33333206176758,34.49029650953385
tobmof-7145,1.4679927,298.0,80.79904907846982,78.66666412353516,2.1323849549346647
tobmof-7145,1.8129133,298.0,115.53498490895605,112.0,3.534984908956048
tobmof-7145,1.8752756,298.0,130.73462350918302,128.3333282470703,2.4012952621127113
tobmof-7145,1.9376378,298.0,147.99478429277855,144.6666717529297,3.32811253984886
tobmof-7145,2.0,298.0,167.14261314097783,161.0,6.142613140977829
tobmof-5035,0.7781513,298.0,34.70993747460971,34.0,0.7099374746097098
tobmof-5035,1.1230719,298.0,179.30432394929176,86.66666412353516,92.6376598257566
tobmof-5035,1.4679927,298.0,148.36585439537984,139.3333282470703,9.032526148309529
tobmof-5035,1.8129133,298.0,205.29041363006604,192.0,13.290413630066041
tobmof-5035,1.8752756,298.0,219.51797380861126,204.3333282470703,15.184645561540947
tobmof-5035,1.9376378,298.0,230.60191065391135,216.6666717529297,13.935238900981659
tobmof-5035,2.0,298.0,240.15131835595835,229.0,11.151318355958352
tobmof-9708,0.7781513,298.0,8.486870605953346,8.0,0.48687060595334586
tobmof-9708,1.1230719,298.0,68.68707971887245,35.33333206176758,33.353747657104876
tobmof-9708,1.4679927,298.0,64.28313138561175,62.66666793823242,1.6164634473793313
tobmof-9708,1.8129133,298.0,92.92665404705821,90.0,2.926654047058207
tobmof-9708,1.8752756,298.0,106.48819456947784,104.33333587646484,2.154858693012997
tobmof-9708,1.9376378,298.0,120.800127768968,118.66666412353516,2.1334636454328404
tobmof-9708,2.0,298.0,132.27882485205313,133.0,0.721175147946866
tobmof-6360,0.7781513,298.0,26.184951602305045,23.0,3.184951602305045
tobmof-6360,1.1230719,298.0,164.81084850702769,81.33333587646484,83.47751263056284
tobmof-6360,1.4679927,298.0,139.59401804376878,139.6666717529297,0.07265370916090319
tobmof-6360,1.8129133,298.0,196.15348468466297,198.0,1.8465153153370295
tobmof-6360,1.8752756,298.0,213.80643028716568,212.6666717529297,1.1397585342359946
tobmof-6360,1.9376378,298.0,226.41177695173477,227.3333282470703,0.9215512953355471
tobmof-6360,2.0,298.0,236.62981274407534,242.0,5.370187255924662
tobmof-12746,0.7781513,298.0,24.934023585602702,25.0,0.06597641439729784
tobmof-12746,1.1230719,298.0,110.51739317457094,68.33333587646484,42.1840572981061
tobmof-12746,1.4679927,298.0,111.93951605036357,111.66666412353516,0.27285192682840886
tobmof-12746,1.8129133,298.0,158.0647261773038,155.0,3.064726177303811
tobmof-12746,1.8752756,298.0,172.7267028309712,168.3333282470703,4.393374583900879
tobmof-12746,1.9376378,298.0,189.41660908662553,181.6666717529297,7.74993733369584
tobmof-12746,2.0,298.0,204.52309480876568,195.0,9.523094808765677
tobmof-2850,0.7781513,298.0,90.54002859263473,71.0,19.540028592634727
tobmof-2850,1.1230719,298.0,185.16732333860196,122.66666412353516,62.500659215066804
tobmof-2850,1.4679927,298.0,185.3587419498524,174.3333282470703,11.025413702782089
tobmof-2850,1.8129133,298.0,231.2609953692,226.0,5.260995369200003
tobmof-2850,1.8752756,298.0,237.53344283141755,232.0,5.5334428314175454
tobmof-2850,1.9376378,298.0,243.16228433328217,238.0,5.162284333282173
tobmof-2850,2.0,298.0,248.68380411324722,244.0,4.68380411324722
